id,title,contentEn,contentSw,needs_translation
disease-skin-boils,Boils,"TREATMENT
• Go on a brief cleansing fast, to rid the system of impurities. The problem may be toxins,
but it may be chemical poisoning. One example would be sulphur. Whenever it is taken
into the body, it tries to leave—not through the bowels or kidneys—but through the skin.
• While on this liquid fast for a couple days, you may drink 3 cups of an herb tea daily of
one or more of the following: comfrey, red clover blossoms, yellow dock root, chickweed,
plantain, and wild cherry bark.
• Every night apply a poultice of raw potato mixed with flaxseed. If you apply a poultice
during the day, use whole wheat flour and stiffened it with enough honey so it will not
run.
• Apply moist heat (a clean towel, cloth, or gauze that is wet in warm water) 3-4 times
daily to the boil. This will reduce pain and help bring it to a head more quickly. Avoid
irritating the area or spreading the pus. Avoid exercise which might cause sweating until it
heals.
• Keep the skin clean by washing it several times a day. Place honey directly over the boil.
Alternates would be clay, charcoal, and/or chlorophyll.
• Apply vitamin E oil to the area.
• Some boils are large and persistent. Some type of poison in the body is trying to get out.
Bed rest, a short fast, followed by a light, nutritious diet will greatly help.
• Helpful herbal teas include oat straw, goldenseal, dandelion, and burdock root.
—Also see ""Abscesses.""
(Furuncles; Carbuncles)
SYMPTOMS—Itching, mild pain, and local swelling, often on the scalp, buttocks, face, or underarms.
Within 24 hours, the boil becomes red and filled with pus. Fever and swelling of the lymph glands
nearest the boil may occur. Boils are tender, red, painful, and appear suddenly.
CAUSES—Boils are small pus-filled bumps. The medical name for them is furuncles.
Carbuncles are many-headed boils which tend to combine and enlarge. They begin as a painful,
localized infection, producing pus-filled areas in the deeper layers of the skin. Carbuncles are slower
healing than boils. They are both treated alike.
Boils are contagious. Do not let the draining pus get on the skin elsewhere! When it spreads to nearby
areas, the result is a carbuncle.
Untreated boils tend to exude their poisons and disappear within 10-24 days. But, given careful
treatment, they are contained and less severe.
Keep in mind that if the body is trying to expel a poison (especially sulphur!) through the skin, you may
continue to have a string of boils for a time. The body is trying to cleanse itself of something bad.
Inorganic sulphur in the body is especially prone to come out in skin boils.","Matibabu
• Nenda kwa utakaso mfupi haraka, ili kuondoa mfumo wa uchafu. Shida inaweza kuwa sumu,
Lakini inaweza kuwa sumu ya kemikali. Mfano mmoja itakuwa kiberiti. Wakati wowote inachukuliwa
ndani ya mwili, inajaribu kuondoka - sio kupitia matumbo au figo - lakini kupitia ngozi.
• Unapokuwa kwenye kioevu hiki haraka kwa siku kadhaa, unaweza kunywa vikombe 3 vya chai ya mimea kila siku ya
Moja au zaidi ya yafuatayo: comfrey, maua nyekundu ya clover, mzizi wa njano, kuku,
mmea, na gome la porini.
• Kila usiku tumia poultice ya viazi mbichi iliyochanganywa na flaxseed. Ikiwa utatumia kuku
Wakati wa mchana, tumia unga mzima wa ngano na uimimize na asali ya kutosha ili isije
kukimbia.
• Omba joto lenye unyevu (kitambaa safi, kitambaa, au chachi ambayo ni mvua kwenye maji ya joto) mara 3-4
kila siku kwa chemsha. Hii itapunguza maumivu na kusaidia kuileta kwa kichwa haraka zaidi. Epuka
kukasirisha eneo hilo au kueneza pus. Epuka mazoezi ambayo yanaweza kusababisha jasho hadi
huponya.
• Weka ngozi safi kwa kuosha mara kadhaa kwa siku. Weka asali moja kwa moja juu ya chemsha.
Alternates itakuwa udongo, mkaa, na/au chlorophyll.
• Omba mafuta ya vitamini E kwa eneo hilo.
• Bomba zingine ni kubwa na zinaendelea. Aina fulani ya sumu mwilini inajaribu kutoka.
Kupumzika kitanda, haraka haraka, ikifuatiwa na lishe nyepesi, yenye lishe itasaidia sana.
• Chai ya mitishamba inayosaidia ni pamoja na majani ya oat, dhahabu, dandelion, na mzizi wa burdock.
-Unaona ""Abscesses.""
(Furuncles; Carbuncles)
Dalili -kuchimba, maumivu kali, na uvimbe wa ndani, mara nyingi kwenye ngozi, matako, uso, au silaha za chini.
Ndani ya masaa 24, chemsha huwa nyekundu na kujazwa na pus. Homa na uvimbe wa tezi za lymph
Karibu na chemsha inaweza kutokea. Vipu ni laini, nyekundu, chungu, na huonekana ghafla.
Sababu-Boils ni matuta madogo yaliyojazwa na pus. Jina la matibabu kwao ni furuncles.
Carbuncles ni majipu mengi yenye kichwa ambayo huwa yanachanganya na kupanuka. Wanaanza kama chungu,
Maambukizi ya ndani, hutengeneza maeneo yaliyojazwa na pus katika tabaka za ngozi zaidi. Carbuncles ni polepole
uponyaji kuliko majipu. Wote wawili wanatibiwa sawa.
Vipu vinaambukiza. Usiruhusu pus ya kuchimba ipate kwenye ngozi mahali pengine! Wakati unaenea karibu
maeneo, matokeo yake ni carbuncle.
Jipu zisizotibiwa huwa na sumu yao na kutoweka ndani ya siku 10-24. Lakini, kwa kuzingatia uangalifu
Matibabu, ziko na sio kali.
Kumbuka kwamba ikiwa mwili unajaribu kumfukuza sumu (haswa kiberiti!) Kupitia ngozi, unaweza
Endelea kuwa na kamba ya majipu kwa muda. Mwili unajaribu kujisafisha na kitu kibaya.
Sulfuri ya isokaboni katika mwili hukabiliwa sana kutoka kwa majipu ya ngozi.",yes
disease-skin-burns,Burns,"TREATMENT
• First degree: Mix equal parts of white vinegar with water and cover the burn surface,
twice a day. Also apply aloe vera or vitamin E oil locally. Tannic acid has been used in
clinics for surface burns that have begun to heal, so you can use white oak bark tea. Apply
locally as a tea and wet compress.
• Second degree: Apply vitamin E oil or zinc oxide. Take vitamin C to bowel tolerance.
Apply aloe vera after healing begins.
• Third and fourth degree: Immediately take the person to a professional. Do not try to
remove clothing stuck to the burned area. Apply aloe vera after healing has begun.
• Soak the clothes, so the hot cloth will not increase the burn. Apply cold until the pain
subsides.
• Cold water or cold, wet cloths on the area reduce pain and swelling. Cover the burn, to
reduce likelihood of infection. Mix and apply olive oil with baking soda to the area.
Elevate the area, to reduce swelling, and keep it out of the sun. Do not break the blisters,
and never put salves or butter on burns. Watch for indications of infection, odor, pus, or
angry redness. Cold clay poultices are useful.
• Second degree, on up, requires a high protein diet and 5,000 calories per day. Increase
fluid intake. Also important: vitamins A, B, C, E, and F.
• Applying vitamin E and spraying on a 1-3% solution of vitamin C every 2-4 hours is
very helpful. This reduces pain and accelerates healing. Take 1,000 mg of vitamin C
orally, every hour.
• Have the patient breathe deeply every so often. He needs the vital oxygen for healing of
the burn.
• Fresh aloe vera juice is outstanding on burns, to hasten healing. But this can only be
done if you have a growing plant to cut the leaves from.
HYDRO—The following hydrotherapy treatments are listed in the author's book, Water Therapy
Manual (see order sheet): Ice Pack (p. 46), Neutral Full Bath (p. 122), Evaporating Compress, and the
Cool Irrigating Compress (p. 242). Extensive burns can be treated with the Prolonged or Continuous
Neutral Bath (p. 242, 122). Old burns can be treated with the Paraffin Bath (p. 79).
(Scalds)
SYMPTOMS—There are first degree burns (redness), second degree burns (redness and blisters), and
third degree burns (the entire skin and some of the underlying muscle is destroyed). For third degree
burns, immediately go to a doctor or an emergency room. Even more extreme is a fourth degree burn:
Instead of oozing flesh, the area is dry and charred.
CAUSES—Tissue damage to the skin as a result of heat, chemical, electrical, or radiation injury. First
degree: usually from sun or water; second degree: generally from hot metal objects, flame-contact burns
and severe sunburn; third: hot fluid burns, steam from a pressure cooker, electrical burns, or high flame
contact.","Matibabu
• Shahada ya kwanza: Changanya sehemu sawa za siki nyeupe na maji na kufunika uso wa kuchoma,
mara mbili kwa siku. Tumia pia aloe vera au mafuta ya vitamini E ndani. Asidi ya tannic imetumika ndani
Kliniki za kuchoma uso ambazo zimeanza kuponya, kwa hivyo unaweza kutumia chai nyeupe ya mwaloni. Omba
ndani kama chai na compress ya mvua.
• Shahada ya pili: Omba mafuta ya vitamini E au oksidi ya zinki. Chukua vitamini C kwa uvumilivu wa matumbo.
Omba aloe vera baada ya uponyaji kuanza.
• Shahada ya tatu na ya nne: Mara moja chukua mtu huyo kwa mtaalamu. Usijaribu
Ondoa nguo zilizowekwa kwenye eneo lililochomwa. Omba aloe vera baada ya uponyaji umeanza.
• Loweka nguo, kwa hivyo kitambaa cha moto hakitaongeza kuchoma. Omba baridi hadi maumivu
Vidokezo.
• Maji baridi au baridi, vitambaa vya mvua kwenye eneo hupunguza maumivu na uvimbe. Funika kuchoma, kwa
Punguza uwezekano wa maambukizi. Changanya na weka mafuta ya mizeituni na soda ya kuoka kwenye eneo hilo.
Kuinua eneo, kupunguza uvimbe, na kuiweka nje ya jua. Usivunja malengelenge,
Na kamwe usiweke salves au siagi kwenye kuchoma. Tazama dalili za kuambukizwa, harufu, pus, au
Uwezo wa hasira. Poultices baridi ya udongo ni muhimu.
• Shahada ya pili, juu, inahitaji lishe kubwa ya protini na kalori 5,000 kwa siku. Ongezeko
ulaji wa maji. Pia muhimu: Vitamini A, B, C, E, na F.
• Kutumia vitamini E na kunyunyizia suluhisho la 1-3% ya vitamini C kila masaa 2-4 ni
inasaidia sana. Hii inapunguza maumivu na kuharakisha uponyaji. Chukua 1,000 mg ya vitamini c
kwa mdomo, kila saa.
• Acha mgonjwa apumue kwa undani kila mara. Anahitaji oksijeni muhimu kwa uponyaji wa
kuchoma.
• Juisi safi ya aloe vera ni bora kwenye Burns, kuharakisha uponyaji. Lakini hii inaweza kuwa tu
Imefanywa ikiwa una mmea unaokua wa kukata majani kutoka.
Hydro - matibabu yafuatayo ya hydrotherapy yameorodheshwa katika kitabu cha mwandishi, Tiba ya Maji
Mwongozo (tazama karatasi ya kuagiza): pakiti ya barafu (uk. 46), umwagaji kamili wa upande wowote (uk. 122), kuyeyuka kwa compress, na
Baridi ya kumwagilia compress (uk. 242). Burns kubwa inaweza kutibiwa na ya muda mrefu au inayoendelea
Umwagaji wa upande wowote (uk. 242, 122). Burns za zamani zinaweza kutibiwa na bafu ya mafuta ya taa (uk. 79).
(Scalds)
Dalili -kuna kiwango cha kwanza cha kuchoma (uwekundu), kuchoma shahada ya pili (uwekundu na malengelenge), na
Shahada ya tatu huwaka (ngozi nzima na misuli kadhaa ya msingi imeharibiwa). Kwa digrii ya tatu
Burns, mara moja nenda kwa daktari au chumba cha dharura. Kilichozidi zaidi ni kuchoma shahada ya nne:
Badala ya mwili unaofaa, eneo hilo limekauka na kung'olewa.
Sababu - Uharibifu wa ngozi kwa ngozi kama matokeo ya joto, kemikali, umeme, au kuumia kwa mionzi. Kwanza
Shahada: Kawaida kutoka kwa jua au maji; Shahada ya Pili: Kwa ujumla kutoka kwa vitu vya chuma moto, moto wa mawasiliano ya moto
na kuchomwa na jua kali; Tatu: maji moto huwaka, mvuke kutoka kwa mpishi wa shinikizo, kuchoma umeme, au moto mkubwa
wasiliana.",yes
disease-skin-acne,Acne,"TREATMENT
• Cleanliness is important. Keep the skin washed and clean. Keep the infected area free of
all oils. Wash or pat the face with lemon juice 3 times a day. Shampoo the hair frequently.
Eat a good, balanced diet, exercise regularly, and get adequate sleep at night. Drop all
saturated fats from the diet, along with junk food, fried food, refined food, dairy foods,
carbonated drinks, caffeine, alcohol, and tobacco.
• Certain dietary deficiencies have been linked to acne. This includes vitamin B6, zinc,
and essential fatty acids.
• Increase raw vegetable intake. Eat plenty of non-citrus fruits, raw vegetable juice,
cooked vegetables, salads, whole grains, and a few seeds and nuts. Include some seaweed
(for iodine) and pumpkin seed (for zinc).
• Go on a short vegetable juice fast of 1-3 days, along with enemas. It would be well to do
this every 2 to 4 weeks, until the skin is perfectly clear.
• Beware of all oily foods which have saturated fats. This would include peanut butter,
cheese, milk, and cream. A small amount of unsaturated vegetable oil would be
acceptable.
• Herbs which could be applied to the skin would include dandelion root, echinacea,
alfalfa, chaparral, and red clover.
SYMPTOMS—Blackheads, whiteheads, pustules, inflamed and infected nodules, sacs, and cysts. They
occur where the sebaceous (oil) glands are most numerous: face, neck, chest, and back. Permanently
expanded pores, as well as scarring, can result.
CAUSES—A sebaceous gland is located in every hair follicle, and produces oil which lubricates the
skin. Some of the oil becomes clogged, bacteria multiply, and inflammation results. This occurs during
adolescence (between 12 and 24), when androgens (male hormones) are released in increased amounts
in both boys and girls. A few have acne all their lives.
Other causes include junk foods, oral contraceptives, allergies, stress, and heredity.
The problem is intensified when sebum, combined with skin pigments, plugs the pores—and produces
blackheads. If scales below the surface fill with sebum, whiteheads are formed.
Canadian Eskimos, prior to 1950, never had acne. When ""modern foods"" were brought in, acne became
common.","Matibabu
• Usafi ni muhimu. Weka ngozi ikanawa na safi. Weka eneo lililoambukizwa bila
mafuta yote. Osha au pakia uso na maji ya limao mara 3 kwa siku. Shampoo nywele mara kwa mara.
Kula lishe nzuri, yenye usawa, mazoezi mara kwa mara, na upate usingizi wa kutosha usiku. Tone yote
Mafuta yaliyojaa kutoka kwa lishe, pamoja na chakula kisicho na chakula, chakula cha kukaanga, chakula kilichosafishwa, vyakula vya maziwa,
Vinywaji vyenye kaboni, kafeini, pombe, na tumbaku.
• Upungufu fulani wa lishe umehusishwa na chunusi. Hii ni pamoja na vitamini B6, zinki,
na asidi muhimu ya mafuta.
• Ongeza ulaji wa mboga mbichi. Kula matunda mengi yasiyo ya citrus, juisi ya mboga mbichi,
Mboga iliyopikwa, saladi, nafaka nzima, na mbegu chache na karanga. Jumuisha mwani
(kwa iodini) na mbegu ya malenge (kwa zinki).
• Nenda kwenye juisi fupi ya mboga haraka ya siku 1-3, pamoja na enemas. Itakuwa vizuri kufanya
Hii kila wiki 2 hadi 4, mpaka ngozi iwe wazi kabisa.
• Jihadharini na vyakula vyote vyenye mafuta ambayo yamejaa mafuta. Hii ni pamoja na siagi ya karanga,
Jibini, maziwa, na cream. Kiasi kidogo cha mafuta ya mboga yasiyokuwa na mafuta yangekuwa
inakubalika.
• Mimea ambayo inaweza kutumika kwa ngozi ni pamoja na mzizi wa dandelion, echinacea,
Alfalfa, Chaparral, na Red Clover.
Dalili -vichwa vyema, vichwa vyeupe, pustules, vijiti vilivyochomwa na vilivyoambukizwa, sacs, na cysts. Wao
kutokea ambapo tezi za sebaceous (mafuta) ni nyingi zaidi: uso, shingo, kifua, na nyuma. Kabisa
Pores zilizopanuliwa, na vile vile, zinaweza kusababisha.
Sababu -tezi ya sebaceous iko katika kila follicle ya nywele, na hutoa mafuta ambayo husafisha
ngozi. Baadhi ya mafuta huwa yamefungwa, bakteria huongezeka, na matokeo ya uchochezi. Hii hufanyika wakati wa
Ujana (kati ya 12 na 24), wakati androjeni (homoni za kiume) hutolewa kwa viwango vilivyoongezeka
katika wavulana na wasichana. Wachache wana chunusi maisha yao yote.
Sababu zingine ni pamoja na vyakula visivyofaa, uzazi wa mpango mdomo, mzio, mafadhaiko, na urithi.
Shida inazidishwa wakati sebum, pamoja na rangi ya ngozi, plugs pores -na inazalisha
vichwa vyeusi. Ikiwa mizani chini ya uso inajaza na sebum, vichwa vyeupe huundwa.
Canada Eskimos, kabla ya 1950, hajawahi kuwa na chunusi. Wakati ""vyakula vya kisasa"" vililetwa, chunusi ikawa
kawaida.",yes
disease-skin-warts,Warts,"TREATMENT
• Since everyone seems to get better using a different treatment, here are lots of them:
• As with any infection, warts appeared because the body has lowered vitality and lack of
resistance. Eat right, keep proper hours, exercise in the open air, and breath deep. Tone up
your whole body.
• They also appear more frequently in adolescents who are experiencing hormonal
changes, especially between 12 and 16.
• Deficiencies of vitamins A, C, and zinc have all been related to an increased incidence of
viral infections.
• The usual methods of removing warts (surgery, acids, burning, electrotherapy, or
freezing) often results in their reappearance. The underlying causes should be eliminated:
Improve the diet; eat foods high in vitamins A, B complex, C, and zinc. Also increase the
sulfur-containing amino acids in the diet, such as are found in asparagus, citrus fruits,
eggs, garlic, and onions. Be sure and take enough vitamin C every day! Eat raw garlic.
• Place thin sections of garlic on the wart. Try to avoid touching the garlic to normal
tissue. Hold it in place with cloth and tape and leave it there overnight. Do this for 2 or 3
nights. Within a week the wart will fall off.
• Apply castor oil to the wart, for 3 weeks.
• Cover with honey, for 15 days.
• Put 1 drop muriatic acid on the wart once a day, for 8 days.
• Dissolve as much sodium carbonate (washing soda) in water as will stay in solution.
Swab this onto the warts for 2 minutes, 4 times a day, and let it dry in the air. Very large
warts have responded to this.
• Apply the juice of milkweed, celandine herb, or the milk from green figs or marigold to
the wart.
• Mix castor oil and baking soda into a paste and apply to wart, cover, and keep on all
night. Do not pick at it, but let it slough off within 3-6 weeks.
• Apply an iron formula, such as Ironite or black walnut tincture.
• Apply castor oil to the wart for half an hour, 3 times a day.
• Apply powdered vitamin C, as paste, and cover.
• Soak the wart in a concentrated salt water solution: 1½ tsp. salt to ½ cup water equals a
30% solution. Soak the wart for 20 minutes 2-3 times a day for a few weeks.
• Here are several other helpful applications: green fig juice; that is, juice from barely ripe
figs (or milkweed sap) applied several times a day. Fresh grated celandine juice. Cut a raw
potato, rub it on, and repeat several times a day for several weeks. Chickweed juice.
Sassafras oil. Green papaya juice. Aloe vera. Onion and salt compress. The juice of white
cabbage. Wheat germ oil. Fresh pineapple juice. Cashew nut.
• For plantar warts (warts on the bottom of your foot), apply a plantain poultice (the leaf
itself) to the wart. Another method is to place the inner side of a fresh piece of banana skin
over the wart and hold it there with tape. Change daily after washing the entire area. Once
a week the thickened outer horny layer is removed. Maximum time for complete
disappearance of a wart is 6 weeks, with no recurrence within 2 years.
(Papillomas)
SYMPTOMS AND CAUSES—There are three primary types of skin warts:
1 - Contagious (viral) benign skin warts (verruca vulgaris); these are also called common warts and may
be found on the hands, arms, face, or body. These warts, which can be dark or flesh-colored, may range
in size from a pinhead to a bean, and most frequently occur where the skin is in friction with clothing,
etc. They can also occur on the larynx (voice box) and produce hoarseness. They can be spread by
picking, trimming, or touching them. On the face, they can be spread by shaving.
2 - Plantar warts are verruca on the sole of the foot. Both types of verruca are actually benign epithelial
tumors, caused by a virus.
3 - Venereal warts (condylomata acuminata) may be found on the vulva and penis. Venereal warts are
caused by the human papilloma virus (HPV), of which there are more than 35 types. Genital warts on a
woman can change into cancer of the cervix or genital area. They should be removed! One study showed
they can increase the risk of cervical cancer by 200 percent! The incubation period for genital warts is
generally 3 months. It can spread to others even before the person realizes he or she has it. Professionals
recommend that you not have sexual intercourse until these types of warts are eliminated.
With the exception of plantar warts which are flat, warts are always raised bumps. Where there is
constant contact, they can cause discomfort and even pain. Venereal (genital) warts are single or clusters
of soft cauliflower-like growths.","Matibabu
• Kwa kuwa kila mtu anaonekana kuwa bora kutumia matibabu tofauti, hapa kuna mengi yao:
• Kama ilivyo kwa maambukizi yoyote, vitunguu vilionekana kwa sababu mwili umepunguza nguvu na ukosefu wa
upinzani. Kula kulia, weka masaa sahihi, fanya mazoezi katika hewa wazi, na pumzi ya kina. Sauti juu
mwili wako wote.
• Pia zinaonekana mara kwa mara kwa vijana ambao wanakabiliwa na homoni
Mabadiliko, haswa kati ya 12 na 16.
• Upungufu wa vitamini A, C, na zinki zote zimehusiana na kuongezeka kwa matukio ya
maambukizo ya virusi.
• Njia za kawaida za kuondoa vitunguu (upasuaji, asidi, kuchoma, umeme, au
kufungia) mara nyingi husababisha kutokea tena. Sababu za msingi zinapaswa kuondolewa:
Kuboresha lishe; Kula vyakula vyenye vitamini A, B tata, C, na zinki. Pia ongeza
asidi ya amino ya kiberiti katika lishe, kama vile hupatikana katika avokado, matunda ya machungwa,
Mayai, vitunguu, na vitunguu. Hakikisha na chukua vitamini C ya kutosha kila siku! Kula vitunguu mbichi.
• Weka sehemu nyembamba za vitunguu kwenye wart. Jaribu kuzuia kugusa vitunguu kuwa kawaida
tishu. Shika mahali na kitambaa na mkanda na uiache hapo mara moja. Fanya hii kwa 2 au 3
usiku. Ndani ya wiki wart itaanguka.
• Omba mafuta ya castor kwa wart, kwa wiki 3.
• Funika na asali, kwa siku 15.
• Weka asidi 1 ya kushuka kwenye wart mara moja kwa siku, kwa siku 8.
• Futa kaboni nyingi za sodiamu (kuosha soda) kwenye maji kama itakavyobaki katika suluhisho.
Swab hii kwenye warts kwa dakika 2, mara 4 kwa siku, na iiruhusu ikauke hewani. Kubwa sana
Warts wamejibu hii.
• Tumia juisi ya maziwa, mimea ya celandine, au maziwa kutoka kwa tini za kijani au marigold hadi
wart.
• Changanya mafuta ya castor na soda ya kuoka kwenye kuweka na utumie kwa wart, funika, na endelea wote
usiku. Usichukue, lakini iachilie ndani ya wiki 3-6.
• Omba formula ya chuma, kama vile ironite au nyeusi ya walnut.
• Omba mafuta ya castor kwa wart kwa nusu saa, mara 3 kwa siku.
• Omba vitamini C ya unga, kama kuweka, na kifuniko.
• Loweka wart katika suluhisho la maji ya chumvi iliyojaa: 1½ tsp. chumvi kwa ½ kikombe maji sawa a
30% suluhisho. Loweka wart kwa dakika 20 mara 2-3 kwa siku kwa wiki chache.
• Hapa kuna programu zingine kadhaa za kusaidia: Juisi ya Kijani ya Kijani; Hiyo ni, juisi kutoka kwa kukomaa kabisa
Tini (au maziwa ya maziwa) hutumika mara kadhaa kwa siku. Juisi safi ya celandine iliyokunwa. Kata mbichi
Viazi, kusugua, na kurudia mara kadhaa kwa siku kwa wiki kadhaa. Juisi ya kuku.
Mafuta ya Sassafras. Green Papaya Juice. Aloe vera. Vitunguu na compress ya chumvi. Juisi ya nyeupe
kabichi. Mafuta ya vijidudu vya ngano. Juisi safi ya mananasi. Nut ya Cashew.
• Kwa warts za mmea (vitunguu chini ya mguu wako), weka poultice ya mmea (jani
yenyewe) kwa wart. Njia nyingine ni kuweka upande wa ndani wa kipande kipya cha ngozi ya ndizi
Juu ya wart na ushikilie hapo na mkanda. Badilisha kila siku baada ya kuosha eneo lote. Mara moja
Wiki safu ya nje ya horny iliyoondolewa huondolewa. Wakati wa juu wa kamili
Kutoweka kwa wart ni wiki 6, bila kurudia ndani ya miaka 2.
(Papillomas)
Dalili na sababu -Kuna aina tatu za msingi za vitu vya ngozi:
1 - ya kuambukiza (virusi) benign ngozi warts (Verruca vulgaris); Hizi pia huitwa warts za kawaida na zinaweza
kupatikana kwenye mikono, mikono, uso, au mwili. Warts hizi, ambazo zinaweza kuwa giza au rangi ya mwili, zinaweza kuwa tofauti
kwa ukubwa kutoka kwa kichwa hadi maharagwe, na mara nyingi hufanyika ambapo ngozi iko kwenye msuguano na mavazi,
nk zinaweza pia kutokea kwenye larynx (sanduku la sauti) na kutoa hoarseness. Wanaweza kusambazwa na
Kuokota, kukanyaga, au kugusa. Kwenye uso, zinaweza kusambazwa kwa kunyoa.
2 - Warts za mmea ni verruca kwenye mguu wa mguu. Aina zote mbili za Verruca ni kweli epithelial
tumors, inayosababishwa na virusi.
3 - Venereal Warts (Condylomata acuminata) inaweza kupatikana kwenye vulva na uume. Warts za venereal ni
Inasababishwa na virusi vya papilloma ya binadamu (HPV), ambayo kuna aina zaidi ya 35. Warts ya sehemu ya siri kwenye a
Mwanamke anaweza kubadilika kuwa saratani ya kizazi au eneo la sehemu ya siri. Wanapaswa kuondolewa! Utafiti mmoja ulionyesha
Wanaweza kuongeza hatari ya saratani ya kizazi kwa asilimia 200! Kipindi cha incubation kwa warts ya sehemu ya siri ni
Kwa ujumla miezi 3. Inaweza kuenea kwa wengine hata kabla ya mtu kugundua kuwa anayo. Wataalamu
Pendekeza kwamba usiwe na uhusiano wa kimapenzi hadi aina hizi za vitunguu viondolewe.
Isipokuwa kwa warts za mmea ambazo ni gorofa, vitunguu daima huinuliwa matuta. Ambapo kuna
Kuwasiliana mara kwa mara, zinaweza kusababisha usumbufu na hata maumivu. Venereal (sehemu ya siri) ni moja au nguzo
ya ukuaji wa laini-kama.",yes
disease-skin-heat-rash,Heat Rash,"TREATMENT
• Take a soda alkaline bath. This helps counteract acidity in the rash. Fill a bathtub with
water at 95o-98o F. Add a cup of baking soda. Sit in the tub and continually pour the water
over yourself. About 30-60 minutes later, stand in the tub and partially drip-dry. Then pat
yourself dry and get out.
• Eat a more nutritious diet, obtain adequate rest, avoid meat and junk food. Do not smoke
or drink liquor.
SYMPTOMS—An itchy skin rash which can occur in the heat of mid-summer.
CAUSES—As a result of poor diet, overwork, and lack of proper rest, the skin has become too acid.","Matibabu
• Chukua umwagaji wa alkali ya soda. Hii husaidia kupingana na acidity katika upele. Jaza bafu na
Maji saa 95o-98o F. Ongeza kikombe cha soda ya kuoka. Kaa ndani ya tub na uimimina maji kila wakati
juu yako mwenyewe. Karibu dakika 30-60 baadaye, simama ndani ya tub na sehemu ya matone-kavu. Kisha Pat
wewe mwenyewe kavu na kutoka.
• Kula lishe yenye lishe zaidi, pata kupumzika kwa kutosha, epuka nyama na chakula kisicho na chakula. Usivute moshi
au kunywa pombe.
Dalili-upele wa ngozi unaoweza kutokea kwa joto la katikati ya majira ya joto.
Sababu -Kama matokeo ya lishe duni, kazi nyingi, na ukosefu wa kupumzika sahihi, ngozi imekuwa asidi sana.",yes
disease-skin-sunburn,Sunburn,"TREATMENT
• A third degree sunburn is serious; see a doctor. Water applications help. Keep the
muscles flexible. A strong sunburn can cause underlying muscles to contract somewhat.
• For both second and third degree burns, be sure to eat high-protein foods. A lot of tissue
needs to be repaired; your body is hard at work. Drink a lot of fluids.
• Put cold water on the burn. Let him lay in a cool bath.
• Mix a cup of skim milk with 4 cups water and add a few ice cubes; every few hours,
apply compresses for 15-20 minutes.
• Place dry oatmeal in a bag, run cool water through it, and save the water. Throw away
the contents of the bag, and use the water in compresses. Apply every 2-4 hours.
• Here are other suggestions: Clay poultices can be used. Massage aloe vera on the area.
Do not apply any product which has alcohol, mineral oil, coloring, or waxes in it. Moisten
a cloth with witch hazel, and apply often for temporary relief; for small areas, apply with
cotton balls. Apply plain yogurt to the area. Make a paste of cornstarch and water, and
apply it. An ice pack can help reduce pain. Get lots of sleep.
• If the legs are burned, elevate them above the heart level.
• That skin area will be delicate for 3-6 months, so be careful.
SYMPTOMS—First degree sunburns cause reddening of the skin and possibly slight fever. Second
degree sunburns makes reddening and water blisters. Third degree sunburns produces damage to lower
cells and the release of fluid, resulting in eruptions and skin breaks where bacteria and infection can
enter.
CAUSES—There has been excessive exposure to ultraviolet light rays. They first burn the surface skin
and, later, the lower cell layers. Ultraviolet rays can penetrate clouds, so be careful even on hazy days.
PREVENTION—Do not expose yourself to the sun for extended periods of time between 10 a.m. and 2
p.m., when the highest concentration of ultraviolet rays are present. Reflections from snow water, metal,
sand, or white- and aluminum-painted surfaces can intensify the effect.
Apply a sunscreen about 30 minutes before going out. Protect your lips, hands, ears, and the back of the
neck. Reapply as needed after swimming and sweating. Get a tan gradually, beginning with only a few
minutes (never over 15). Wear protective clothing whenever possible. Keep a hat with you, and use it.
Long sleeves help.","Matibabu
• Kuchomwa moto kwa kiwango cha tatu ni mbaya; Tazama daktari. Maombi ya maji husaidia. Weka
Misuli inabadilika. Kuchomwa na jua kali kunaweza kusababisha misuli ya msingi kuambukizwa kwa kiasi fulani.
• Kwa kuchoma kwa kiwango cha pili na cha tatu, hakikisha kula vyakula vyenye protini nyingi. Tishu nyingi
inahitaji kutengenezwa; Mwili wako ni ngumu kufanya kazi. Kunywa maji mengi.
• Weka maji baridi kwenye kuchoma. Acha aweke kwenye bafu baridi.
• Changanya kikombe cha maziwa ya skim na vikombe 4 vya maji na ongeza cubes chache za barafu; Kila masaa machache,
Omba compresses kwa dakika 15-20.
• Weka oatmeal kavu kwenye begi, endesha maji baridi kupitia hiyo, na uhifadhi maji. Tupa mbali
Yaliyomo kwenye begi, na utumie maji kwa compress. Omba kila masaa 2-4.
• Hapa kuna maoni mengine: Poultices za udongo zinaweza kutumika. Massage aloe vera kwenye eneo hilo.
Usitumie bidhaa yoyote ambayo ina pombe, mafuta ya madini, kuchorea, au nta ndani yake. Moisten
kitambaa na mchawi hazel, na kuomba mara nyingi kwa misaada ya muda; Kwa maeneo madogo, omba na
Mipira ya Pamba. Omba mtindi wazi kwenye eneo hilo. Tengeneza kuweka ya mahindi na maji, na
Tumia. Pakiti ya barafu inaweza kusaidia kupunguza maumivu. Pata usingizi mwingi.
• Ikiwa miguu imechomwa, kuinua juu ya kiwango cha moyo.
• Sehemu hiyo ya ngozi itakuwa dhaifu kwa miezi 3-6, kwa hivyo kuwa mwangalifu.
Dalili -nyuzi za jua za kwanza husababisha kupunguka kwa ngozi na labda homa kidogo. Pili
Vipu vya kuchomwa na jua hufanya malengelenge ya maji na maji. Sunbur ya digrii ya tatu hutoa uharibifu wa chini
seli na kutolewa kwa maji, kusababisha milipuko na mapumziko ya ngozi ambapo bakteria na maambukizi zinaweza
Ingiza.
Sababu - kumekuwa na mfiduo mwingi wa mionzi ya taa ya ultraviolet. Kwanza huchoma ngozi ya uso
na, baadaye, tabaka za chini za seli. Mionzi ya Ultraviolet inaweza kupenya mawingu, kwa hivyo kuwa mwangalifu hata siku mbaya.
Kuzuia -Usijifunue jua kwa muda mrefu kati ya 10 a.m. na 2
P.M., wakati mkusanyiko wa juu zaidi wa mionzi ya ultraviolet upo. Tafakari kutoka kwa maji ya theluji, chuma,
Mchanga, au nyuso zilizochorwa na rangi nyeupe na alumini zinaweza kuongeza athari.
Omba jua kama dakika 30 kabla ya kutoka. Linda midomo yako, mikono, masikio, na nyuma ya
shingo. Omba tena kama inahitajika baada ya kuogelea na jasho. Pata tan pole pole, ukianza na wachache tu
dakika (kamwe zaidi ya 15). Vaa mavazi ya kinga wakati wowote inapowezekana. Weka kofia na wewe, na utumie.
Sleeve ndefu husaidia.",yes
disease-skin-skin-rash,Skin Rash,"TREATMENT
• Quick relief from many rashes may be obtained by soaking a clean cloth in cool water,
wringing it out, and applying it to the area for 10 minutes. Repeat as often as needed.
• Better yet, soak the cloth in comfrey tea or in calcium water. To make calcium water,
take a spoonful of calcium gluconate powder (obtainable at a health food store) and stir it
into a cup of water.
• A wash of chamomile tea helps reduce rashes. A poultice made from dandelion, yellow
dock root, and chaparral helps alleviate many of them.
SYMPTOMS—Reddening of various kinds on the skin, with possible bumps, scaling, and thickening.
CAUSES—In our modern world, skin rashes can have many causes, including reactions to chemicals,
sun, wind, insect bites, alcohol, detergents, and friction.
Skin rashes in children are often caused by food rashes from chocolate, peanuts, dairy products, wheat,
eggs, or meat. It has been estimated that 75% of children's skin rashes are caused by sensitivity to eggs,
peanuts, or milk.","Matibabu
• Msaada wa haraka kutoka kwa upele mwingi unaweza kupatikana kwa kuloweka kitambaa safi katika maji baridi,
Kuiweka nje, na kuitumia katika eneo hilo kwa dakika 10. Rudia mara nyingi kama inahitajika.
• Bora bado, loweka kitambaa kwenye chai ya comfrey au kwenye maji ya kalsiamu. Kutengeneza maji ya kalsiamu,
Chukua kijiko cha poda ya gluconate ya kalsiamu (inayopatikana kwenye duka la chakula cha afya) na uharakishe
ndani ya kikombe cha maji.
• Kuosha chai ya chamomile husaidia kupunguza upele. Kuku iliyotengenezwa kutoka kwa dandelion, manjano
Mizizi ya Dock, na Chaparral husaidia kupunguza wengi wao.
Dalili -Kupunguza aina mbali mbali kwenye ngozi, na matuta yanayowezekana, kuongeza, na kuongezeka.
Sababu - katika ulimwengu wetu wa kisasa, upele wa ngozi unaweza kuwa na sababu nyingi, pamoja na athari za kemikali,
Jua, upepo, kuumwa na wadudu, pombe, sabuni, na msuguano.
Mapazia ya ngozi kwa watoto mara nyingi husababishwa na upele wa chakula kutoka chokoleti, karanga, bidhaa za maziwa, ngano,
mayai, au nyama. Imekadiriwa kuwa 75% ya upele wa ngozi ya watoto husababishwa na unyeti wa mayai,
karanga, au maziwa.",yes
disease-skin-eczema,Eczema,"(Dermatitis)
SYMPTOMS—Dermatitis, also called eczema, is a skin problem indicated by reddened skin,
thickening, itching when touched, the formation of dry, patchy scales, and flaking,
CAUSES AND TREATMENT—
• Dermatitis is an inflammatory skin condition that generally keeps reoccurring. Its
primary symptom is eczema. Dermatitis is actually an allergy which may be caused by
contact with perfumes, cosmetics, rubber, medicated creams and ointments, poison ivy, or
contact with metal alloys (including nickel, silver, and gold). Some type of food could be
the problem. If the irritant continues to be in constant contact with the skin, the dermatitis
will spread and get worse. Obviously, if you have this problem you want to solve it!
• The condition can be intensified by emotional stress and fatigue. Deficiency of any of
the B complex vitamins can cause dermatitis. Another important item is unsaturated fatty
acids. If you are not getting enough, you can begin itching wherever you rub on your skin.
Adequate vitamin A and enough protein are also essential.
• Oddly enough, hair loss (alopecia) is commonly associated with dermatitis, especially if
a concurrent unsaturated fatty acid deficiency in the diet exists.
• If the dermatitis is not terminated, it can so weaken the system, so that more serious
infections occur. This is because, at the same time that you are having skin problems, your
intestines are developing lesions which can greatly weaken your ability to digest and
absorb nutrients!
• It is a fact that 13% of those with severe dermatitis later develop cataracts.
• Here are some of the allergies which the experts have found to especially cause
dermatitis:
1 - Cow's milk. Either stop drinking cow's milk or try switching to goat's
milk.
2 - Wheat gluten (wheat protein). There are other grains you can eat instead.
3 - Nickel. The experts call this ""nickel rash."" Women who have their ears
pierced and the nickel post placed in them can produce various rashes on
the body—especially where any other metal jewelry touches the skin. By
the way, any gold jewelry less than 24-karats has some nickel in it.
• Beware of the bubble bath and similar soapy tub baths.
• Children's rashes: A skin rash in children may be caused by eating eggs, peanuts, milk,
wheat, fish, chicken, pork, or beef. Eggs, peanuts, and milk account for 75 percent of the
skin rashes in children.
• Regardless of what may be the cause, omit wheat, rye, oats, and barley for six weeks.
Then slowly add one back at a time—and see how all this effects the dermatitis.
• If you know how to do so, you may wish to do a pulse test after each meal, in an attempt
to ascertain which foods increase heart beat. Those which do are the problematic ones.
• Avoid dairy products, white flour, fried foods, other processed fats, and sugar. Avoid
antiperspirants, for they have metal in them. Use cotton undergarments. Fake fingernails
cause skin rashes. Always use white bathroom tissue only. The dyes irritate the skin. Be
sure and rinse the soap out of your clothes which have just been washed.
• Mix goldenseal root powder with vitamin E oil and put some on the affected area. This
will reduce the itching.
• Primrose oil and vitamin B6 (pyridoxine) have helped infants with dermatitis.
• An oatmeal bath is another helpful measure, to reduce the itching during the time
required to solve the underlying cause. Use 2 cups of colloidal (powdered) oatmeal per
tubful. Colloidal oatmeal can be obtained at a pharmacy.
• Herbs that may help include comfrey, dandelion, red clover, and pau d'arco.
• Steep a tbsp. each of burdock root, yarrow, and yellow dock root in a pint of boiling
water for half an hour. Strain, add a pound of cocoa fat, and keep boiling and stirring until
it is a salve. Use this for eczema.
• Other useful herbs are plantain, chickweed, burdock root, yarrow, and strawberry leaves.
One can either drink the tea made from any of them or apply it to the affected area.
—Also see ""Drug Rash,"" ""Skin Disorders.""","(Dermatitis)
Dalili -Dermatitis, pia huitwa eczema, ni shida ya ngozi iliyoonyeshwa na ngozi nyekundu,
unene, kuwasha wakati umeguswa, malezi ya mizani kavu, ya patchy, na flaking,
Sababu na matibabu--
• Dermatitis ni hali ya ngozi ya uchochezi ambayo kwa ujumla huendelea tena. Yake
Dalili ya msingi ni eczema. Dermatitis ni mzio ambao unaweza kusababishwa na
Wasiliana na manukato, vipodozi, mpira, mafuta ya mafuta na marashi, sumu ya ivy, au
Wasiliana na aloi za chuma (pamoja na nickel, fedha, na dhahabu). Aina fulani ya chakula inaweza kuwa
shida. Ikiwa inakera inaendelea kuwasiliana na ngozi kila wakati, ngozi ya ngozi
itaenea na kuwa mbaya zaidi. Ni wazi, ikiwa una shida hii unataka kuisuluhisha!
• Hali inaweza kuzidishwa na mafadhaiko ya kihemko na uchovu. Upungufu wa yoyote ya
Vitamini tata ya B inaweza kusababisha dermatitis. Kitu kingine muhimu ni mafuta yasiyosafishwa
asidi. Ikiwa hautoshi, unaweza kuanza kuwasha popote unaposugua kwenye ngozi yako.
Vitamini A ya kutosha na protini ya kutosha pia ni muhimu.
• Oddly kutosha, upotezaji wa nywele (alopecia) kawaida huhusishwa na dermatitis, haswa ikiwa
Upungufu wa asidi ya mafuta ya pamoja katika lishe inapatikana.
• Ikiwa dermatitis haijakomeshwa, inaweza kudhoofisha mfumo, ili mbaya zaidi
maambukizo hufanyika. Hii ni kwa sababu, wakati huo huo una shida za ngozi, yako
matumbo yanaendeleza vidonda ambavyo vinaweza kudhoofisha sana uwezo wako wa kuchimba na
Kuchukua virutubishi!
• Ni ukweli kwamba 13% ya wale walio na dermatitis kali baadaye huendeleza paka.
• Hapa kuna baadhi ya mzio ambao wataalam wamepata husababisha hasa
dermatitis:
1 - maziwa ya ng'ombe. Ama acha kunywa maziwa ya ng'ombe au jaribu kubadili kwa mbuzi
maziwa.
2 - Gluten ya ngano (protini ya ngano). Kuna nafaka zingine ambazo unaweza kula badala yake.
3 - Nickel. Wataalam huita hii ""upele wa nickel."" Wanawake ambao wana masikio yao
kutoboa na chapisho la nickel lililowekwa ndani yao linaweza kutoa upele anuwai
Mwili - haswa ambapo vito vingine vya chuma vinagusa ngozi. Na
Njia, mapambo yoyote ya dhahabu chini ya 24-karats yana nickel ndani yake.
• Jihadharini na umwagaji wa Bubble na bafu sawa za tub za sabuni.
• Upele wa watoto: upele wa ngozi kwa watoto unaweza kusababishwa na kula mayai, karanga, maziwa,
Ngano, samaki, kuku, nyama ya nguruwe, au nyama. Mayai, karanga, na akaunti ya maziwa kwa asilimia 75 ya
Mapazia ya ngozi kwa watoto.
• Bila kujali ni nini kinachoweza kuwa sababu, kuachana na ngano, rye, shayiri, na shayiri kwa wiki sita.
Kisha ongeza pole pole kwa wakati mmoja -na uone jinsi hii yote inaathiri dermatitis.
• Ikiwa unajua jinsi ya kufanya hivyo, unaweza kutamani kufanya mtihani wa mapigo baada ya kila mlo, katika jaribio
Ili kujua ni vyakula gani huongeza kupigwa kwa moyo. Wale ambao hufanya ndio wenye shida.
Epuka bidhaa za maziwa, unga mweupe, vyakula vya kukaanga, mafuta mengine yaliyosindika, na sukari. Epuka
Antiperspirants, kwa kuwa wana chuma ndani yao. Tumia nguo za ndani za pamba. Vidole bandia
kusababisha upele wa ngozi. Daima tumia tishu nyeupe za bafuni tu. Dyes inakera ngozi. Kuwa
Hakika na suuza sabuni kutoka kwa nguo zako ambazo zimeoshwa tu.
Changanya poda ya mizizi ya dhahabu na mafuta ya vitamini E na uweke kwenye eneo lililoathiriwa. Hii
itapunguza kuwasha.
• Mafuta ya primrose na vitamini B6 (pyridoxine) yamesaidia watoto wachanga walio na dermatitis.
• Umwagaji wa oatmeal ni hatua nyingine ya kusaidia, kupunguza kuwasha wakati
inahitajika kutatua sababu ya msingi. Tumia vikombe 2 vya colloidal (poda) oatmeal kwa
tubful. Colloidal oatmeal inaweza kupatikana katika maduka ya dawa.
• Mimea ambayo inaweza kusaidia kujumuisha Comfrey, Dandelion, Red Clover, na Pau d'Arco.
• mwinuko tbsp. Kila mizizi ya burdock, yarrow, na mzizi wa kizimbani cha manjano kwenye pint ya kuchemsha
maji kwa nusu saa. Shika, ongeza pauni ya mafuta ya kakao, na endelea kuchemsha na kuchochea hadi
ni salve. Tumia hii kwa eczema.
• Mimea mingine muhimu ni mmea, vifaranga, mizizi ya burdock, yarrow, na majani ya majani.
Mtu anaweza kunywa chai iliyotengenezwa kutoka kwa yeyote kati yao au kuitumia kwa eneo lililoathiriwa.
-Unaona ""upele wa dawa,"" ""shida za ngozi.""",yes
disease-skin-psoriasis,Psoriasis,"TREATMENT
• There is no certainty that one can totally eliminate psoriasis. Do not spend time worrying
over the matter, for the resultant stress may only aggravate it.
• Only the scales and skin debris can be removed. Because psoriatic skin is dry, it is well
to put petroleum jelly or vegetable oil on the area. Researchers have found that covering
lesions with tape or plastic wrap for days or weeks can sometimes help clear it up. This
seems to work only for small areas, no larger than half a dollar. But do not let the area
become gooey and infected.
• Lose weight if you are overweight. Weight loss helps many who have psoriasis.
• Heavy stress can make it worse; try to retain a calm, cheerful outlook on life. Existing
psoriasis tends to get worse when you come down with some other infection.
• Exposure to sunlight or ultraviolet light reduces the scaling and redness. With regular
amounts of intense sunlight, 95% of psoriasis sufferers improve. But keep in mind that too
much ultraviolet light also produces skin cancer.
• You may wish to consider moving to a warmer climate, since the problem becomes
much worse in the winter.
• An increased intake of animal protein can make it spread outward; conversely, a
reduction tends to shrink it. Citrus juices may also be a problem.
• Since psoriasis is a metabolic disease, a cleansing juice fast, 2-3 times for the first week,
is a good way to begin working toward its recession. Four weeks later, the fast can be
carried out again. But in the meantime, an extremely nourishing diet should have been
started. All junk food should have been discarded. Search out, and eliminate, allergy
foods. Beware of milk and wheat. It may be well to exclude them for 6 months, even if
they may appear harmless.
• Avoid fats (butter, milk, cream, eggs, meat), processed food, white flour, sugar, and
citrus fruit. Red meat and dairy products contain arachidonic acid, which makes the
lesions turn red and swell. Get your oils from natural foods, such as flaxseed, sesame seed,
and soybeans.
• Vitamins A, B complex, C, and D all help the skin and appear to be of help in reducing
psoriasis.
• Swimming in the ocean is good for reducing psoriasis. Bathing in heated baths is also
helpful, but it also tends to increase the itching. Put seawater, several times a day, on the
area.
• The various medicinal drugs recommended for psoriasis all have potentially dangerous
side effects.
• To reduce the itching, a cold-water bath, perhaps with a cup or so of vinegar added, is
very helpful. Another help is ice. Put some in a plastic sack and hold on the area.
—Also see ""Skin Disorders.""
SYMPTOMS—It appears like patches of silvery scales or red areas, and is found on the scalp, arms,
legs, knees, elbows, ears, and back. There are cycles of flare-ups and remission. Sometimes it disappears
for months or years, and especially occurs in winter months. In some, aging makes it better; in others,
worse. It is most common between 15 and 25, and is not infectious.
Do not use steroids, alcohol, or processed foods.
CAUSES—The skin cells seem to run out of control. Instead of skin renewing itself in 30 days, the new
cells reach the top layer in 3 days. This produces raised areas of skin, called plaques, which are red and
often itchy. Because so many cells are rising and dying (as they normally do), they have a raised,
silvery, patchy appearance.
Psoriasis may be linked to faulty fat utilization. Attacks are related to times of stress, illness, surgery,
cuts, certain viral and bacterial infections, sunburn, poison ivy, or poison oak. The drugs such as
chloroquine, lithium, and beta-blockers also cause it to flare up.
There appears to be a hereditary factor involved.
Previous immunizations seem to be a causative factor for some people.","Matibabu
• Hakuna uhakika kwamba mtu anaweza kuondoa kabisa psoriasis. Usitumie wakati kuwa na wasiwasi
Zaidi ya suala hilo, kwa mafadhaiko ya matokeo yanaweza kuzidisha tu.
• Mizani tu na uchafu wa ngozi unaweza kuondolewa. Kwa sababu ngozi ya psoriatic ni kavu, ni vizuri
Kuweka mafuta ya mafuta au mafuta ya mboga kwenye eneo hilo. Watafiti wamegundua kifuniko hicho
Vidonda vilivyo na mkanda au kitambaa cha plastiki kwa siku au wiki wakati mwingine zinaweza kusaidia kuifuta. Hii
Inaonekana kufanya kazi kwa maeneo madogo tu, hakuna kubwa kuliko nusu ya dola. Lakini usiruhusu eneo hilo
kuwa gooey na kuambukizwa.
• Punguza uzito ikiwa wewe ni mzito. Kupunguza uzito husaidia wengi ambao wana psoriasis.
• Dhiki nzito inaweza kuifanya iwe mbaya zaidi; Jaribu kutunza mtazamo wa utulivu, na furaha juu ya maisha. Zilizopo
Psoriasis huelekea kuwa mbaya wakati unashuka na maambukizo mengine.
• Mfiduo wa mwangaza wa jua au taa ya ultraviolet hupunguza kuongeza kiwango na uwekundu. Na kawaida
Kiasi cha jua kali, 95% ya wagonjwa wa psoriasis wanaboresha. Lakini kumbuka hiyo pia
Mwanga mwingi wa ultraviolet pia hutoa saratani ya ngozi.
• Unaweza kutamani kufikiria kuhamia hali ya hewa ya joto, kwani shida inakuwa
Mbaya zaidi wakati wa msimu wa baridi.
• Ulaji ulioongezeka wa protini ya wanyama unaweza kuifanya ieneze nje; Kinyume chake, a
Kupunguza huelekea kuipunguza. Juisi za machungwa pia zinaweza kuwa shida.
• Kwa kuwa psoriasis ni ugonjwa wa metabolic, juisi ya utakaso haraka, mara 2-3 kwa wiki ya kwanza,
ni njia nzuri ya kuanza kufanya kazi kuelekea kushuka kwa uchumi. Wiki nne baadaye, haraka inaweza kuwa
hufanywa tena. Lakini kwa wakati huu, lishe yenye kulisha sana inapaswa kuwa
Ilianza. Chakula chochote cha junk kinapaswa kutupwa. Tafuta, na uondoe, mzio
vyakula. Jihadharini na maziwa na ngano. Inaweza kuwa vizuri kuwatenga kwa miezi 6, hata ikiwa
Wanaweza kuonekana kuwa hawana madhara.
• Epuka mafuta (siagi, maziwa, cream, mayai, nyama), chakula kilichosindika, unga mweupe, sukari, na
matunda ya machungwa. Nyama nyekundu na bidhaa za maziwa zina asidi arachidonic, ambayo hufanya
Vidonda vinageuka nyekundu na kuvimba. Pata mafuta yako kutoka kwa vyakula asili, kama vile flaxseed, mbegu za ufuta,
na soya.
• Vitamini A, B tata, C, na D zote husaidia ngozi na kuonekana kuwa msaada katika kupunguza
Psoriasis.
• Kuogelea baharini ni nzuri kwa kupunguza psoriasis. Kuoga katika bafu zenye joto pia
Inasaidia, lakini pia huelekea kuongeza kuwasha. Weka maji ya bahari, mara kadhaa kwa siku, kwenye
eneo.
• Dawa anuwai za dawa zilizopendekezwa kwa psoriasis zote zina hatari
athari mbaya.
• Ili kupunguza kuwasha, umwagaji wa maji baridi, labda na kikombe au siki iliyoongezwa, ni
inasaidia sana. Msaada mwingine ni barafu. Weka gunia la plastiki na ushikilie kwenye eneo hilo.
-Unaona ""shida za ngozi.""
Dalili -Inaonekana kama viraka vya mizani ya silvery au maeneo nyekundu, na hupatikana kwenye ngozi, mikono,
Miguu, magoti, viwiko, masikio, na nyuma. Kuna mizunguko ya flare-ups na ondoleo. Wakati mwingine hupotea
kwa miezi au miaka, na haswa hufanyika katika miezi ya msimu wa baridi. Katika wengine, kuzeeka hufanya iwe bora; kwa wengine,
mbaya zaidi. Ni kawaida kati ya 15 na 25, na sio ya kuambukiza.
Usitumie steroids, pombe, au vyakula vya kusindika.
Sababu - seli za ngozi zinaonekana kuwa nje ya udhibiti. Badala ya ngozi kujipanga upya katika siku 30, mpya
Seli hufikia safu ya juu katika siku 3. Hii inazalisha maeneo yaliyoinuliwa ya ngozi, inayoitwa bandia, ambayo ni nyekundu na
mara nyingi kuwasha. Kwa sababu seli nyingi zinaongezeka na kufa (kama kawaida hufanya), wameinuliwa,
Silvery, muonekano wa patchy.
Psoriasis inaweza kuhusishwa na utumiaji mbaya wa mafuta. Mashambulio yanahusiana na nyakati za mafadhaiko, magonjwa, upasuaji,
Kupunguzwa, maambukizo fulani ya virusi na bakteria, kuchomwa na jua, ivy ya sumu, au mwaloni wa sumu. Dawa kama vile
Chloroquine, lithiamu, na beta-blockers pia husababisha kuamka.
Inaonekana kuna sababu ya urithi inayohusika.
Chanjo za zamani zinaonekana kuwa sababu ya sababu kwa watu wengine.",yes
disease-skin-frostbite,Frostbite,"TREATMENT
• Do not rub ice on the area! This only extracts more heat. Instead, get the person into a
warm tub (100o-110o F.) as soon as possible. The area is numb, so he will not feel the
heat. In the early stages, you can rub the area with a cloth dipped in cold water or snow.
• Do not apply more heat than mentioned above, for the skin is numb and can be burned
without anyone realizing it. Unless it is all you have, do not use dry, radiant heat (such as
a heat lamp or campfire). Frostbitten skin can easily burn, for it does not feel the heat.
• To warm the hands, place them under your armpits. Roll yourself into a ball to conserve
heat. Stay out of the wind. Do not get wet. Do not drink or smoke; both block circulation
to the extremities. If outside, stay in your car or truck until help comes.
• Living tissue is dying, so thaw the area quickly. Do not allow it to refreeze. Do not take
off your boots until it is safe to do so. The foot may be swollen and you might not get it
back on. If considerable walking must be done to find a place of safety, leave the feet
unthawed until you arrive at your destination.
• Move the person to a warmer place. Wrap him in blankets. Give him warm liquids, but
no alcohol. Alcohol gives an artificial feeling of warmth, but actually removes it.
CHILBLAINS—This is a lowering of the overall body temperature (not just in the extremities). But
because it so often centers in the extremities, we are including it in this section. The same treatment
should be applied.
The temperature is lowered to subnormal levels for some length of time, resulting in near frostbite.
Severe numbness and loss of function may occur if the problem is not dealt with. Colds, flu, and
infection can result.
(Hypothermia; Chilblains)
SYMPTOMS—First there is a tingling, then a redness, followed by paleness and numbness in a body
part—generally the fingers, toes, cheeks, nose, and ears. If not immediately cared for, tissue can die and
gangrene sets in.
Frostnip is superficial frostbite, and leaves the area firm, white, and cold. It can result in peeling and
blistering, 24-72 hours later, and perhaps cold sensitivity in the area.
In contrast, deep frostbite produces a cold, hard, white condition, which is painless while it remains
frozen. On rewarming, it becomes blotchy red, swollen, and can be quite painful.
CAUSES—Frostbite or freezing of an exposed body part.","Matibabu
• Usisugue barafu kwenye eneo hilo! Hii huondoa tu joto zaidi. Badala yake, mpe mtu a
Tub ya joto (100o-110o F.) haraka iwezekanavyo. Eneo hilo ni ganzi, kwa hivyo hatasikia
joto. Katika hatua za mwanzo, unaweza kusugua eneo hilo na kitambaa kilichowekwa kwenye maji baridi au theluji.
• Usitumie joto zaidi kuliko ilivyotajwa hapo juu, kwa kuwa ngozi imejaa na inaweza kuchomwa moto
bila mtu yeyote kutambua. Isipokuwa ni yote unayo, usitumie joto kavu, lenye kung'aa (kama vile
taa ya joto au moto wa kambi). Ngozi ya baridi inaweza kuchoma kwa urahisi, kwa kuwa haisikii joto.
• Ili joto mikono, weka chini ya mikono yako. Jizungushe kwenye mpira ili kuhifadhi
joto. Kaa nje ya upepo. Usipate mvua. Usinywe au moshi; Zote mbili za kuzuia
kwa miisho. Ikiwa nje, kaa kwenye gari lako au lori hadi msaada utakapokuja.
• Tishu za kuishi zinakufa, kwa hivyo thaw eneo hilo haraka. Usiruhusu irekebishe tena. Usichukue
mbali na buti zako mpaka iwe salama kufanya hivyo. Mguu unaweza kuvimba na labda hauwezi kuipata
Rudi. Ikiwa kutembea sana lazima kufanywa ili kupata mahali pa usalama, acha miguu
Haijulikani hadi ufike kwenye marudio yako.
• Sogeza mtu mahali pa joto. Mfunge katika blanketi. Mpe vinywaji vya joto, lakini
Hakuna pombe. Pombe hutoa hisia ya bandia ya joto, lakini kwa kweli huondoa.
Chilblains - hii ni kupungua kwa joto la jumla la mwili (sio tu kwenye miisho). Lakini
Kwa sababu mara nyingi huwa kwenye miisho, tunaijumuisha katika sehemu hii. Matibabu sawa
inapaswa kutumika.
Joto hupunguzwa kwa viwango vya kawaida kwa urefu fulani wa muda, na kusababisha karibu baridi.
Uzito mkubwa na upotezaji wa kazi unaweza kutokea ikiwa shida haijashughulikiwa. Homa, homa, na
maambukizi yanaweza kusababisha.
(Hypothermia; Chilblains)
Dalili -kwanza kuna kuogofya, kisha uwekundu, ikifuatiwa na paleness na ganzi katika mwili
Sehemu - Kwa ujumla vidole, vidole, mashavu, pua, na masikio. Ikiwa haijatunzwa mara moja, tishu zinaweza kufa na
Gangrene huingia.
Frostnip ni Frostbite ya juu, na huacha eneo likiwa lenye nguvu, nyeupe, na baridi. Inaweza kusababisha peeling na
blistering, masaa 24-72 baadaye, na labda unyeti baridi katika eneo hilo.
Kwa kulinganisha, Frostbite ya kina hutoa hali baridi, ngumu, nyeupe, ambayo haina maumivu wakati inabaki
waliohifadhiwa. Juu ya kutuliza tena, inakuwa blotchy nyekundu, kuvimba, na inaweza kuwa chungu kabisa.
Sababu -Frostbite au kufungia kwa sehemu ya mwili wazi.",yes
disease-skin-burning-feet,Burning Feet,"TREATMENT
• Add niacin or niacinamide to your diet. (Niacin will cause your face to flush;
niacinamide will not.)
SYMPTOMS—Feet which burn at night.
CAUSES—A lack of niacin (a B vitamin) is a specific deficiency factor.","Matibabu
• Ongeza niacin au niacinamide kwenye lishe yako. (Niacin itasababisha uso wako kujaa;
niacinamide haitafanya.)
Dalili -hujaa ambao huwaka usiku.
Sababu -ukosefu wa niacin (vitamini B) ni sababu maalum ya upungufu.",yes
disease-skin-diaper-rash,Diaper Rash,"TREATMENT
• Give air to that region. Take the diaper off and lay him chest down, with his face turned
to one side, on towels underlaid with a waterproof sheet. Keeping an eye on him, leave
him that way for as long as practicable. But if you do not watch him, you will regret the
results.
• Keep the child bare and exposed to air and sunlight as much as the climate will permit.
• Change the diaper frequently; wash the area with cool water and gently dab dry, using a
soft cotton diaper.
• (Use corn starch as a drying agent; never use talcum powder! It is a powdered rock dust,
and can cause cancer in anyone (infant or adult) that uses it.)
• Expose the infant to small daily doses of sunlight or ultraviolet light. Be careful not to
burn him. No ocean bathing until the rash is gone. But fresh pool water or rainwater is
okay.
• The new super-absorbent diapers greatly help solve the problem. They reduce skin
wetness.
• Try blow-drying the baby before rediapering him.
• Adding vinegar to the final rinse when washing diapers will help reduce the pH of the
cloth. Add 1 ounce of vinegar to 1 gallon of water during the final rinse.
• Giving 2-3 ounces of cranberry juice to older infants will make urine pH slightly more
acid. This helps reduce irritation.
(Ammoniacal Dermatitis)
SYMPTOMS—A reddish rash affecting the diaper region, with or without secondary infection by
fungus or bacteria. Redness, tenderness, thickening of skin, inflammation. If secondary yeast infection
appears, the skin will be bright red with well-defined borders, frequently with distinct red papules.
CAUSES—About 50% go away within a day. The rest can last 10 days or longer.
Breast-fed babies have less diaper rash, and this resistance continues long after the baby has been
weaned.
When diaper rash is more prominent later, a food allergy may be the cause.","Matibabu
• Toa hewa kwa mkoa huo. Ondoa diaper na umweke kifua chini, uso wake ukageuka
Kwa upande mmoja, kwenye taulo zilizowekwa na karatasi ya kuzuia maji. Kuweka jicho juu yake, acha
yeye kwa njia hiyo kwa muda mrefu iwezekanavyo. Lakini ikiwa hautamtazama, utajuta
Matokeo.
• Kuweka mtoto wazi na wazi kwa hewa na jua kama vile hali ya hewa itakavyoruhusu.
• Badilisha diaper mara kwa mara; Osha eneo hilo na maji baridi na kavu kwa upole, ukitumia a
Dawa laini ya pamba.
• (Tumia wanga wa mahindi kama wakala wa kukausha; Kamwe usitumie poda ya talcum! Ni vumbi la mwamba ulio na unga,
na inaweza kusababisha saratani kwa mtu yeyote (mtoto mchanga au mtu mzima) anayetumia.)
• Mfichua mtoto mchanga kwa dozi ndogo za kila siku za jua au taa ya ultraviolet. Kuwa mwangalifu usifanye
Choma. Hakuna kuoga bahari hadi upele utakapokwenda. Lakini maji safi ya maji au maji ya mvua ni
Sawa.
• Diapers mpya za kuchukiza husaidia sana kutatua shida. Wanapunguza ngozi
mvua.
• Jaribu kukausha mtoto kabla ya kumfanya aandike.
• Kuongeza siki kwenye suuza ya mwisho wakati wa kuosha divai itasaidia kupunguza pH ya
nguo. Ongeza 1 ounce ya siki kwa galoni 1 ya maji wakati wa suuza ya mwisho.
• Kutoa ounces 2-3 za juisi ya cranberry kwa watoto wachanga wakubwa itafanya pH ya mkojo kidogo zaidi
asidi. Hii husaidia kupunguza kuwasha.
(Dermatitis ya amonia)
Dalili -upele nyekundu unaoathiri mkoa wa diaper, na au bila maambukizi ya sekondari na
Kuvu au bakteria. Uwezo, huruma, unene wa ngozi, kuvimba. Ikiwa maambukizi ya chachu ya sekondari
Inaonekana, ngozi itakuwa nyekundu nyekundu na mipaka iliyofafanuliwa vizuri, mara kwa mara na vifurushi nyekundu nyekundu.
Sababu - juu ya 50% huenda ndani ya siku. Wengine wanaweza kudumu siku 10 au zaidi.
Watoto walionyongwa matiti wana upele mdogo wa diaper, na upinzani huu unaendelea muda mrefu baada ya mtoto kuwa
alilishwa.
Wakati upele wa diaper ni maarufu baadaye, mzio wa chakula unaweza kuwa sababu.",yes
disease-skin-insect-sting,Insect Sting,"TREATMENT
• Pull out the stinger, if any remains. (Honeybees leave their stinger in the wound. It must
be pulled out immediately, for it keeps pulsating venom into the skin.) Avoid removing
the stinger with your fingers; use a knife blade to scrape it out, to avoid squeezing in more
poison.
• Apply a paste of baking soda and water on the area or a compress that is wet with
ammonia water (more useful for scorpion stings).
• Wet a little calcium gluconate and put it on the area.
• Crush a charcoal tablet and place in the area, and cover with cloth. This will reduce pain
and swelling. Put some wet powdered charcoal in an cloth and tie it on for 3-4 hours.
• Charcoal has an amazing adsorptive (not absorptive) ability to pull into itself toxins and
poisons, thus neutralizing them. This is due to its large chemical surface and the fact that
charcoal is pure carbon. The carbon molecules are eager to unite with other substances.
• Clay or mud can also be used, especially if you are out in the woods. Put some mud on it
as soon as possible and leave it on for a half hour. Try to select the mud from a clean
place, not from a mud hole, where animals may have polluted it. If pain persists, apply
charcoal.
• An enzyme-based meat tenderizer breaks down the proteins that make up insect venom,
but you have to use it right away for it to be effective.
• To avoid infection, do not scratch the area.
• Also helpful are calcium chloride, hydrochloric acid, or ammonium chloride on the area.
• Apply poultice of white oak bark and leaves, comfrey, and slippery elm.
• Pain gels, DMSO, or Caladryl lotions can be applied.
• Calamine lotion often reduces the itching.
• Drink as much yellow dock tea as you can or take echinacea (tea or in capsule form).
• Ironically, either hot or cold will lessen the pain.
• A lengthy hot tub bath will help relieve abdominal pain that often develops after a bite.
• A cold pack or ice pack on the area will help relieve pain.
• Those sensitive to stings should avoid situations in which they might get stung. If they
have to be in such localities, they are wise to carry adrenalin (epinephrine) with them and
be accompanied by a friend who can go for help. Reactions can occur within minutes or
hours. Contact a physician. Death can result if treatment is not sought.
• If you have a known allergy to a certain venom, you can have a physician prescribe an
emergency treatment kit which you can keep with you.
• Purchase a small venom extractor and keep it with you.
• Squashing a yellow jacket releases a chemical that causes other yellow jackets to attack.
When one stings, that also causes the others to become excited. If bit, run. Go indoors or
jump into water. Insects have a hard time following a person through a thicket of woods.
• Insects are repelled by the odor of turpentine.
• Stinging insects prefer dark colors. So wear white or light-colored clothing.
• Do not wear perfumes of any kind.
• Insects are attracted to people who are deficient in zinc. Take at least 60 mg a day.
• Sometimes brewer's yeast or garlic rubbed on the skin deters insects.
• Drinking alcohol or eating an excess of sugar attracts biting, and other, insects.
• Also see ""Spider Bite,"" which includes that of black widows. Also see ""Snake Bite.""
Treatment for a black widow bite is the same as that for a snake bite.
SYMPTOMS—Redness, slight swelling, and possibly some itching.
Reaction to the sting can sometimes be more pronounced: hoarseness, labored breathing, confusion,
difficult swallowing, and severe swelling.
Sometimes the reaction can be severe: possible closing of the airway and perhaps shock (cyanosis and a
drop in blood pressure).
CAUSES—Certain stinging insects in North America can cause reactions (honeybees, bumble bees,
African bees, hornets, scorpions, fire ants, yellow jackets, wasps, spiders, centipedes, and ants). Of
these, the honeybee, yellow jacket, and African bee are the most dangerous.
Bee venom contains formaldehyde.
Note: Each year, bee stings cause more deaths in America than snake bites.","Matibabu
• Bonyeza nje, ikiwa kuna mabaki yoyote. (Honeybees huacha mshindo wao kwenye jeraha. Lazima
kuvutwa mara moja, kwa kuwa inaendelea kuvuta sumu ndani ya ngozi.) Epuka kuondoa
Stinger na vidole vyako; Tumia blade ya kisu kuifuta, ili kuzuia kufinya zaidi
sumu.
• Omba kuweka ya soda ya kuoka na maji kwenye eneo hilo au compress ambayo ni mvua na
Maji ya Amonia (muhimu zaidi kwa Scorpion Stings).
• Weka gluconate kidogo ya kalsiamu na uweke kwenye eneo hilo.
• Ponda kibao cha mkaa na uweke katika eneo hilo, na funika kwa kitambaa. Hii itapunguza maumivu
na uvimbe. Weka mkaa wa unga wa unga kwenye kitambaa na uifunge kwa masaa 3-4.
• Mkaa una uwezo wa kushangaza wa adsorptive (sio kunyonya) kujivuta yenyewe na sumu na
sumu, na hivyo kuwachafua. Hii ni kwa sababu ya uso wake mkubwa wa kemikali na ukweli kwamba
Mkaa ni kaboni safi. Molekuli za kaboni zina hamu ya kuungana na vitu vingine.
• Clay au matope pia inaweza kutumika, haswa ikiwa uko nje msituni. Weka matope juu yake
haraka iwezekanavyo na kuiacha kwa nusu saa. Jaribu kuchagua matope kutoka safi
Mahali, sio kutoka kwa shimo la matope, ambapo wanyama wanaweza kuwa wameichafu. Ikiwa maumivu yanaendelea, tumia
mkaa.
• Mchanganyiko wa nyama ya msingi wa enzyme huvunja protini ambazo hufanya sumu ya wadudu,
Lakini lazima utumie mara moja ili iwe na ufanisi.
• Ili kuzuia kuambukizwa, usikate eneo hilo.
• Inasaidia pia ni kloridi ya kalsiamu, asidi ya hydrochloric, au kloridi ya amonia kwenye eneo hilo.
• Tumia poultice ya gome nyeupe ya mwaloni na majani, comfrey, na slippery elm.
• Gia za maumivu, DMSO, au lotions za Caladryl zinaweza kutumika.
• Lotion ya Calamine mara nyingi hupunguza kuwasha.
• Kunywa chai ya njano ya manjano kadri uwezavyo au kuchukua echinacea (chai au fomu ya kofia).
• Kwa kushangaza, iwe moto au baridi itapunguza maumivu.
• Umwagaji mrefu wa moto wa moto utasaidia kupunguza maumivu ya tumbo ambayo mara nyingi hua baada ya kuumwa.
• Pakiti baridi au pakiti ya barafu kwenye eneo hilo itasaidia kupunguza maumivu.
• Hizo nyeti kwa miiba inapaswa kuzuia hali ambazo zinaweza kushikwa. Ikiwa wao
Lazima uwe katika maeneo kama haya, ni busara kubeba adrenalin (epinephrine) pamoja nao na
kuambatana na rafiki ambaye anaweza kwenda kwa msaada. Athari zinaweza kutokea ndani ya dakika au
masaa. Wasiliana na daktari. Kifo kinaweza kusababisha ikiwa matibabu hayatafutwa.
• Ikiwa una mzio unaojulikana kwa sumu fulani, unaweza kuwa na daktari kuagiza
Kitengo cha matibabu ya dharura ambacho unaweza kuweka nawe.
• Nunua Extractor ndogo ya Venom na uwe nayo.
• Kupiga koti ya manjano huachilia kemikali ambayo husababisha jackets zingine za manjano kushambulia.
Wakati mtu anauma, hiyo pia husababisha wengine kufurahi. Ikiwa kidogo, endesha. Nenda ndani au
Rukia ndani ya maji. Wadudu wana wakati mgumu kumfuata mtu kupitia kichaka cha kuni.
• Wadudu hutolewa na harufu ya turpentine.
• Wadudu wanaougua wanapendelea rangi nyeusi. Kwa hivyo vaa mavazi meupe au yenye rangi nyepesi.
• Usivae manukato ya aina yoyote.
• Wadudu wanavutiwa na watu ambao wana upungufu katika zinki. Chukua angalau 60 mg kwa siku.
• Wakati mwingine chachu ya Brewer au vitunguu kusugua kwenye ngozi huzuia wadudu.
• Kunywa pombe au kula sukari zaidi huvutia kuuma, na wengine, wadudu.
• Pia tazama ""Spider Bite,"" ambayo ni pamoja na ile ya wajane weusi. Pia tazama ""Nyoka Bite.""
Matibabu ya bite ya mjane mweusi ni sawa na ile ya kuumwa na nyoka.
Dalili -upya, uvimbe kidogo, na labda kuwasha.
Mmenyuko kwa kuumwa wakati mwingine unaweza kutamkwa zaidi: hoarseness, kupumua kwa kazi, machafuko,
Kumeza ngumu, na uvimbe mkubwa.
Wakati mwingine athari inaweza kuwa kali: uwezekano wa kufunga barabara ya hewa na labda mshtuko (cyanosis na a
kushuka kwa shinikizo la damu).
Sababu -Hakikisha wadudu wanaougua huko Amerika Kaskazini wanaweza kusababisha athari (nyuki, nyuki wa bumble,
Nyuki wa Kiafrika, Hornets, Scorpions, Mchwa wa Moto, Jackets za Njano, Nyasi, Buibui, Centipedes, na Mchwa). Ya
Hizi, asali, koti ya manjano, na nyuki wa Kiafrika ndio hatari zaidi.
Venom ya nyuki ina formaldehyde.
Kumbuka: Kila mwaka, miiba ya nyuki husababisha vifo vingi huko Amerika kuliko kuumwa na nyoka.",yes
disease-skin-mosquito-bite,Mosquito Bite,"TREATMENT
• To relieve itching: Rub with raw garlic or fresh lemon juice; repeat as often as possible.
Rub with damp salt. Rub with vitamin C tablet or powder.
• To prevent bites from occurring: Eat lots of raw garlic. Avoid sugar and white flour in
all forms. Include vitamin B complex and/or brewer's yeast in the diet.
SYMPTOMS—A mosquito bite with its attendant itching.
CAUSES—The culex, aedes, and anopheles mosquitoes are in North America. Malaria can sometimes
occur (which see). The treatment below is for non-malarial bites.","Matibabu
• Ili kupunguza kuwasha: kusugua na vitunguu mbichi au maji safi ya limao; Rudia mara nyingi iwezekanavyo.
Kusugua na chumvi unyevu. Kusugua na kibao cha vitamini C au poda.
• Ili kuzuia kuumwa kutokea: kula vitunguu mbichi. Epuka sukari na unga mweupe ndani
aina zote. Jumuisha chachu ya vitamini B na/au chachu ya Brewer kwenye lishe.
Dalili -Kuuma mbu na kuwasha kwake mhudumu wake.
Sababu - Mbu za Culex, Aedes, na Anopheles ziko Amerika Kaskazini. Malaria wakati mwingine inaweza
kutokea (ambayo tazama). Matibabu hapa chini ni ya kuumwa isiyo ya malaria.",yes
disease-skin-jellyfish-sting,Jellyfish Sting,"TREATMENT
• Immediately rinse the wound with salt water. Do not use fresh water, because it activates
any stinging cells which have not already burst. For the same reason, do not rub the skin.
• Neutralize the area as soon as possible by splashing on one of the following, and do it
again as needed: Use rubbing or ethyl (liquor) alcohol, vinegar, ammonia, or meat
tenderizer. Travel tip: Take a bottle of vinegar with you to the ocean beach.
• If any tentacles remain on your skin, apply a paste of sand and seawater; then wrap your
hand in a towel and wipe them off or scrape them off with a knife or credit card.
SYMPTOMS—A strong stinging feeling on the legs or arms while swimming at an ocean beach.
This may afterward be followed by headache, muscle cramps, coughing, shortness of breath, nausea, and
vomiting.
CAUSES—Jellyfish and Portuguese men-of-war are found in warmer marine waters. The eastern
beaches of Florida are one example.
Their long tentacles contain stinging cells which, touching you, pierce the skin and release poison. Even
severed tentacles can poison just as intensively.","Matibabu
• Mara moja suuza jeraha na maji ya chumvi. Usitumie maji safi, kwa sababu inaamsha
Seli zozote za kuuma ambazo hazijapasuka tayari. Kwa sababu hiyo hiyo, usisugue ngozi.
• Punguza eneo haraka iwezekanavyo kwa kugawanyika kwenye moja ya yafuatayo, na uifanye
Tena kama inahitajika: Tumia kusugua au ethyl (pombe) pombe, siki, amonia, au nyama
zabuni. Kidokezo cha kusafiri: Chukua chupa ya siki na wewe kwenye pwani ya bahari.
• Ikiwa mahema yoyote yanabaki kwenye ngozi yako, tumia kuweka mchanga na maji ya bahari; kisha funga yako
Panda kwa kitambaa na uifuta au uwafute kwa kisu au kadi ya mkopo.
Dalili -hisia kali za kuuma kwenye miguu au mikono wakati wa kuogelea kwenye pwani ya bahari.
Hii inaweza baadaye kufuatwa na maumivu ya kichwa, misuli ya misuli, kukohoa, upungufu wa pumzi, kichefuchefu, na
kutapika.
Sababu-Jellyfish na wanaume wa vita wa Ureno hupatikana katika maji ya baharini yenye joto. Mashariki
Fukwe za Florida ni mfano mmoja.
Mahema yao marefu yana seli za kuuma ambazo, zinakugusa, kutoboa ngozi na kutolewa sumu. Hata
Mahema yaliyotengwa yanaweza sumu kwa nguvu sana.",yes
disease-skin-spider-bite,Spider Bite,"TREATMENT
• The bite of a black widow should be treated like a snake bite (which see), except that it
is not necessary to give antivenin.
• If there is swelling or pain after a spider bite, keep calm and apply a constricting band 2-
4 inches above (above) the bite. Loosen the band for 15 seconds every 10 minutes. Do not
let the extremity turn blue! Do not move the affected area, and keep it below the heart
level, if possible. The victim should lie down. Pack ice around the wound.
• The objective, throughout the above paragraph, is to slow the blood and reduce spread of
the poison.
• Drink as much yellow dock as possible or take 2 capsules every hour till symptoms
recede. Swallow echinacea. Apply white oak bark poultices. Slippery elm, plantain, or
comfrey are also good.
• Massive doses of vitamin C may save a life.
—See ""Snake Bite"" and ""Insect bite"" for much more information.
SYMPTOMS—Pain, swelling, nervous reactions.
Black widow bite: Within a short time the victim feels agonizing pain throughout the body, especially in
the abdomen, which may be rigid as a board. Cold sweats, difficulty in breathing, nausea, vomiting, and
sometimes delirium and convulsions occur.
CAUSES—Spider, scorpion, and centipede bites: These can sometimes be dangerous; most are very
painful. (Also see ""Insect Bite."") In case of spider bite, see a physician; it might be a black widow.
Black widow bites: Black widow venom is more potent, drop for drop, than the poison of a pit viper
(rattlesnake, copperhead, or cotton mouth); but an extremely small amount is injected in each spider
bite.","Matibabu
• Kuumwa kwa mjane mweusi inapaswa kutibiwa kama kuumwa na nyoka (ambayo huona), isipokuwa hiyo
sio lazima kutoa antivenin.
• Ikiwa kuna uvimbe au maumivu baada ya kuumwa na buibui, tulia na utumie bendi ya 2-
4 inchi hapo juu (hapo juu) kuuma. Fungua bendi kwa sekunde 15 kila dakika 10. Usifanye
Acha ukamilifu ugeuke bluu! Usisonge eneo lililoathiriwa, na uiweke chini ya moyo
kiwango, ikiwezekana. Mhasiriwa anapaswa kulala chini. Pakia barafu karibu na jeraha.
• Kusudi, katika aya yote hapo juu, ni kupunguza damu na kupunguza kuenea kwa
sumu.
• Kunywa kizimbani cha manjano iwezekanavyo au chukua vidonge 2 kila saa hadi dalili
reced. Swallow echinacea. Omba poultices nyeupe za mwaloni. Slippery elm, mmea, au
Comfrey pia ni nzuri.
• Dozi kubwa ya vitamini C inaweza kuokoa maisha.
-Tazama ""Nyoka Bite"" na ""Bite wadudu"" kwa habari zaidi.
Dalili -maumivu, uvimbe, athari za neva.
Mjane mweusi kuuma: Ndani ya muda mfupi mwathiriwa huhisi maumivu ya maumivu katika mwili wote, haswa katika
Tumbo, ambalo linaweza kuwa ngumu kama bodi. Jasho baridi, ugumu wa kupumua, kichefuchefu, kutapika, na
Wakati mwingine delirium na mshtuko hufanyika.
Sababu - Spider, Scorpion, na kuumwa kwa Centipede: Wakati mwingine hizi zinaweza kuwa hatari; Wengi ni sana
chungu. (Pia angalia ""Bite ya wadudu."") Katika kesi ya kuumwa na buibui, angalia daktari; Inaweza kuwa mjane mweusi.
Kuumwa kwa mjane mweusi: sumu ya mjane mweusi ina nguvu zaidi, kushuka kwa kushuka, kuliko sumu ya viper ya shimo
(Rattlesnake, Copperhead, au mdomo wa pamba); Lakini kiasi kidogo sana huingizwa katika kila buibui
kuuma.",yes
disease-skin-snake-bite,Snake Bite,"TREATMENT
• The best single remedy you can keep on hand is a small hand-suction extractor for
immediately pulling the poison out of the wound. Continue this for half an hour. (This
suction is less useful for coral snake venom, but use it on all snake bites anyway!) If there
is no other way to extract the poison, another person should suck it out, continually
spitting out the blood, for half an hour.
• The person doing the sucking should not have any sores in his mouth.
• Suction can also be done with a pop bottle heated and applied. As it cools a vacuum is
formed.
• Another alternative is to cut off the end of a plastic injection syringe at the bottom of the
large end, apply to the bitten area, and pull back on the plunger.
• Have the patient lie down, keep him calm and warm, apply a tourniquet above the limb
where the wound is. This constricting band should be tight enough to shut off the venous
blood, but not so tight that it stops the arterial circulation. Loosen the band 15 seconds
every 10 minutes.
• The instruction formerly was to cut across between the two bite holes, so you could suck
out more blood and poison. The current theory is that no cuts should be made, but only
sucking. It might be the best to suck and spit for a couple minutes; this will clean the
surface as well. Then cut across, so you can suck even better. But, when you are in the
crisis, do what seems best.
• Do not give liquor to the person, thinking that this will help him. It does not!
• Specific antivenin serums are in stock for various species of snakes. Learn to identify the
various snakes in your locality. (Coral snakes are primarily found only in the southeastern
states.)
• Massive doses of vitamin C may save a life.
• Keep calm and work carefully. Excitement speeds up the blood flow to the heart.
• In most cases, the person does not die. But pray and get yourself prepared for whatever
may happen.
• After the suction process is over, take charcoal from the campfire, mix it with water and
drink it, as follows: a half glassful of water with 1 teaspoon of charcoal, and drink another
one every 15 minutes until the danger is past.
• If able to do so, a couple hours later, take a steam bath or something similar, to sweat out
the poison.
• Throughout all this time, you should eat no food.
• If, after several hours, the bite area is still swollen and painful, put kerosene on a cloth
and apply it, keeping it wet for several hours. This will help neutralize the poison. An
alternative is to grind up raw onions and apply to the area. Leave them there until an
offensive odor, not of onions, is noticed. Remove; bathe the area; and apply more raw,
crushed, onions until the pain is gone.
SYMPTOMS—One or two tiny bite holes which cause intense pain; frequently there is nausea,
vomiting, and unconsciousness.
CAUSES—There are two types of poisonous serpents in North America:
The pit viper (which includes rattlesnakes, copperheads, and cotton mouths [also called water
moccasins]) has a deep, heat-sensitive, pit on each side of the head. Pit vipers lunge forward, bite, and
immediately pull back. Their venom contains a blood poison.
The coral snake does not jump and, when it catches hold of the flesh, must hold on and chew awhile for
the poison to sink in. Its venom is a nerve poison.
More on identifying coral snakes: They are found only in the southernmost areas of the United States, as
well as south of the border, and have brightly colored rings. There is a non-poisonous snake which looks
similar, but the colored rings are arranged differently. Remember it this way: ""Red by black, friend of
Jack; but black by yellow, kill a fellow.""
The danger from snake bite occurs when the poison reaches the heart, and, secondarily, the effect of that
poison on the blood and nervous system.
The action of the venom is rapid, regardless of the type of poisonous snake. There is rapid swelling and
inflammation.
If treatment is not immediately given, the poison may cause death. If not death, then, after the initial
effects of pain and shock begin to wear off, extensive tissue damage begins. There is suppuration,
gangrene, sloughing, and hemorrhage. If this happens, recovery time is greatly slowed.","Matibabu
• Dawa bora moja unayoweza kuweka mkono ni dondoo ndogo ya mikono ya mkono kwa
Mara moja kuvuta sumu kutoka kwa jeraha. Endelea hii kwa nusu saa. (Hii
Suction ni muhimu sana kwa sumu ya nyoka ya matumbawe, lakini itumie kwa kuumwa na nyoka wote!) Ikiwa kuna
sio njia nyingine ya kutoa sumu, mtu mwingine anapaswa kunyonya, kila wakati
kumwagika damu, kwa nusu saa.
• Mtu anayenyonya haipaswi kuwa na vidonda kinywani mwake.
• Suction pia inaweza kufanywa na chupa ya pop moto na kutumika. Kama inapoweka utupu ni
kuunda.
• Njia nyingine ni kukata mwisho wa sindano ya sindano ya plastiki chini ya
Mwisho mkubwa, tumia kwenye eneo la kuumwa, na urudishe nyuma kwenye plunger.
• Mgonjwa alale, umtulie na joto, tumia mashindano juu ya kiungo
Ambapo jeraha liko. Bendi hii inayounda inapaswa kuwa ya kutosha kuzima venous
Damu, lakini sio ngumu sana kwamba inazuia mzunguko wa arterial. Fungua bendi sekunde 15
kila dakika 10.
• Maagizo ya zamani yalikuwa kukata kati ya shimo mbili za kuuma, kwa hivyo unaweza kunyonya
nje damu zaidi na sumu. Nadharia ya sasa ni kwamba hakuna kupunguzwa inapaswa kufanywa, lakini tu
kunyonya. Inaweza kuwa bora kunyonya na kumwagika kwa dakika kadhaa; Hii itasafisha
uso pia. Kisha kata, kwa hivyo unaweza kunyonya bora zaidi. Lakini, wakati uko katika
Mgogoro, fanya kile kinachoonekana bora.
• Usipe pombe kwa mtu huyo, ukidhani kwamba hii itamsaidia. Haifanyi!
• Seramu maalum za antivenin ziko kwenye hisa kwa spishi anuwai za nyoka. Jifunze kutambua
Nyoka anuwai katika eneo lako. (Nyoka za matumbawe hupatikana tu katika kusini mashariki
majimbo.)
• Dozi kubwa ya vitamini C inaweza kuokoa maisha.
• Tulia na fanya kazi kwa uangalifu. Msisimko huharakisha mtiririko wa damu kwa moyo.
• Katika hali nyingi, mtu hafi. Lakini omba na ujitayarishe kwa chochote
inaweza kutokea.
• Baada ya mchakato wa kuvuta kumalizika, chukua mkaa kutoka kwa moto wa kambi, uchanganye na maji na
Kunywa, kama ifuatavyo: nusu ya glasi ya maji na kijiko 1 cha mkaa, na kunywa nyingine
moja kila dakika 15 hadi hatari imepita.
• Ikiwa uwezo wa kufanya hivyo, masaa kadhaa baadaye, chukua bafu ya mvuke au kitu sawa, ili jasho
sumu.
• Katika wakati huu wote, haupaswi kula chakula.
• Ikiwa, baada ya masaa kadhaa, eneo la kuuma bado limevimba na chungu, weka mafuta kwenye kitambaa
na uitumie, ukiweka mvua kwa masaa kadhaa. Hii itasaidia kupunguza sumu. An
Njia mbadala ni kusaga vitunguu mbichi na kutumika kwa eneo hilo. Waache hapo mpaka
Harufu ya kukera, sio ya vitunguu, hugunduliwa. Ondoa; kuoga eneo; na utumie mbichi zaidi,
Kukandamizwa, vitunguu mpaka maumivu yamepita.
Dalili - moja au shimo mbili ndogo za kuuma ambazo husababisha maumivu makali; Mara kwa mara kuna kichefuchefu,
kutapika, na kukosa fahamu.
Sababu - Kuna aina mbili za nyoka zenye sumu huko Amerika Kaskazini:
Viper ya shimo (ambayo ni pamoja na rattlesnakes, vichwa vya shaba, na midomo ya pamba [pia huitwa maji
Moccasins]) ina kina kirefu, nyeti-joto, shimo kila upande wa kichwa. Vipers vipers husonga mbele, kuuma, na
Mara moja vuta nyuma. Sumu yao ina sumu ya damu.
Nyoka ya matumbawe hairuki na, wakati inashika mwili, lazima ishike na kutafuna muda kidogo
sumu ya kuzama. sumu yake ni sumu ya ujasiri.
Zaidi juu ya kutambua nyoka wa matumbawe: hupatikana tu katika maeneo ya kusini mwa Merika, kama
Kama vile kusini mwa mpaka, na uwe na pete za rangi mkali. Kuna nyoka asiye na sumu ambayo inaonekana
Sawa, lakini pete za rangi zimepangwa tofauti. Kumbuka kwa njia hii: ""Nyekundu na mweusi, rafiki wa
Jack; Lakini nyeusi na manjano, muue mwenzake. ""
Hatari kutoka kwa kuumwa na nyoka hufanyika wakati sumu inafikia moyo, na, pili, athari ya hiyo
sumu kwenye damu na mfumo wa neva.
Kitendo cha sumu ni haraka, bila kujali aina ya nyoka mwenye sumu. Kuna uvimbe wa haraka na
kuvimba.
Ikiwa matibabu hayapewi mara moja, sumu inaweza kusababisha kifo. Ikiwa sio kifo, basi, baada ya mwanzo
Athari za maumivu na mshtuko huanza kuzima, uharibifu mkubwa wa tishu huanza. Kuna unyanyasaji,
Gangrene, SlougHing, na Hemorrhage. Ikiwa hii itatokea, wakati wa kupona umepunguzwa sana.",yes
disease-skin-dog-or-animal-bite,Dog Or Animal Bite,"TREATMENT
• If you have been bitten, remove the animal's saliva from the wound by washing the area
thoroughly with warm water, and then with soap and water. Rinse with plain water. Either
catch the dog and confine it or know who the owner is. Notify health authorities, so they
can observe the animal.
—See ""Rabies"" for detailed information about this danger and what should be done. Also see ""Tetanus.""
Tetanus is far less likely, yet is a possibility.
SYMPTOMS—You are bitten by an animal.
CAUSES—A dog or other animal has bitten you; is it dangerous?
The first question is has the skin been broken? If the tissues have been merely squeezed, then the matter
is of little importance. There may be soreness and a black-and-blue appearance, but it will soon
disappear.
But if there has been penetration—an actual wound—then action must be taken. The animal may be
perfectly healthy, but of that you cannot be certain.
The animal's teeth may cause the spores of tetanus germs to enter the body or the animal may be rabid.
Such bites, if not promptly treated, can result in death.","Matibabu
• Ikiwa umeumwa, ondoa mshono wa mnyama kutoka kwa jeraha kwa kuosha eneo hilo
Kwa kweli na maji ya joto, na kisha na sabuni na maji. Suuza na maji wazi. A.
Chukua mbwa na uifunge au ujue mmiliki ni nani. Arifu mamlaka za afya, kwa hivyo
anaweza kumtazama mnyama.
-Tazama ""kichaa cha mbwa"" kwa habari ya kina juu ya hatari hii na nini kifanyike. Pia angalia ""Tetanus.""
Tetanus ni chini ya uwezekano, lakini ni uwezekano.
Dalili -Unaumwa na mnyama.
Sababu -mbwa au mnyama mwingine amekuuma; Je! Ni hatari?
Swali la kwanza je! Ngozi imevunjwa? Ikiwa tishu zimepunguzwa tu, basi jambo hilo
ni ya umuhimu kidogo. Kunaweza kuwa na uchungu na muonekano mweusi-na-bluu, lakini hivi karibuni itakuwa
kutoweka.
Lakini ikiwa kumekuwa na kupenya - jeraha halisi - hatua lazima ichukuliwe. Mnyama anaweza kuwa
afya kabisa, lakini ya hiyo hauwezi kuwa na hakika.
Meno ya mnyama yanaweza kusababisha spores ya vijidudu vya tetanasi kuingia ndani ya mwili au mnyama anaweza kuwa mkali.
Kuumwa kama hizo, ikiwa hazitatibiwa mara moja, zinaweza kusababisha kifo.",yes
disease-skin-drug-rash,Drug Rash,"TREATMENT
• Stop using the medicinal drug. Take vitamin C to bowel tolerance (all you can, before its
acidity causes a slight diarrhea). Take vitamins A, B complex, and E. Be sure selenium
and zinc are in your diet. Eat more fresh fruit and vegetables, as well as seaweed.
• If the drug has an acid base, consider taking a soda alkaline bath (Water Therapy
Manual, p. 142)(see order sheet). Fill a bath tub with water at 95o-98o F. Add about a cup
of baking soda or sodium bicarbonate. Sitting in the tub, dip and pour it over yourself.
After 30-60 minutes, stand in the tub, partially drip dry, and pat yourself dry.
—Also see ""Eczema.""
CAUSES—It is truly surprising what a high percentage of medicinal drugs are poisonous. But it need
not be, when the underlying modus operandi (method by which they work) is understood.
Medicinal drugs work by introducing a strange new poison into the body. The system immediately turns
its attention from the debilitated area—and begins fighting the drug. The type of poison (the drug)
introduced, and the way it operates, affects the reaction of the body. For example, the body was
eliminating sulphur through a boil but then a drug is introduced, and the boil seemingly ""heals."" The
body has let the boil no longer suppurate, so attention can be diverted to the radical poison which has
been introduced.
Natural remedies operate in a different way: They clean out the body and restore it to a healthy
normalcy. Whether it be fresh air, pure water, nutritious food, simple herbs, or water treatments, the
natural remedies assist the body in carrying on its work of cleansing the body. For that is what ""dis-ease""
is: an effort of nature to cleanse the body of impurities and eliminate the effects of enervation.
A drug is a foreign substance of a poisonous nature. The healing herbs are not ""drugs."" It is true that
about five of every 100 herbs is poisonous, but natural therapy only uses the safe ones. The poisonous
ones can be purchased at the drugstore or grocery counter (tobacco, coffee, black tea, chocolate, black
pepper, digitalis, quinine, etc.). Such things as aspirin, valium, phenobarbital, dilantin, morphine, etc.,
are foreign chemical substances of a poisonous nature. They all produce dangerous side effects, called
""contraindications.""
In contrast, the safe herbs are the ones you eat (all your worthwhile vegetables) and use for treating your
ills. They were given us by the God of heaven (Genesis 1:29).
Most of the damage that drugs inflict on the body is beneath the skin, but drug rashes are effects on the
skin.
Here are but a few examples of drugs which produce drug rashes:
Antipyrine: Papular, erythematous rash, sometimes accompanied by edema and much irritation.
Arsenic: Papular or erythematous rash, sometimes urticarial. Prolonged use may produce pigmentation
of skin.
Belladonna: Erythematous rash, usually accompanied by intense itching.
Bromides: Usually like acne vulgaris. Sometimes erythema.
Chloral: Papular erythema.
Iodides: Usually papular erythema, sometimes with acne-like pustules.
Phenolphthalein: Macular rash, sometimes purpuric.
Quinine: Very irritable erythema or urticaria.
Salicylate: Erythematous rash, possibly morbilliform.
Serum: Usually urticaria.
Sulfonal: Erythematous or urticarial rash.
Here are some other drugs which produce skin rashes: opium compounds, acetanilide, amidopyrine,
barbiturates, ephedrine, novocain, sulfanilamide, and other sulfa drugs.
Some of the drugs have been given very nice-sounding names, but note the chemicals in them: calomel
(mercurous chloride), green vitriol (ferrous sulfate), goulard water (lead lotion), oil of vitriol (sulfuric
acid), and vermilion (mercury sulfide). Most drugs are compounded from, not two but, a wide range of
extremely complex and very poisonous chemical mixtures.
Let it be emphasized that most drugs work their damage in a thousand other ways in the body, without
producing skin rashes.","Matibabu
Acha kutumia dawa ya dawa. Chukua vitamini C kwa uvumilivu wa matumbo (yote unaweza, kabla ya yake
Acidity husababisha kuhara kidogo). Chukua vitamini A, B tata, na E. hakikisha seleniamu
Na zinki ziko kwenye lishe yako. Kula matunda na mboga safi zaidi, na vile vile mwani.
• Ikiwa dawa ina msingi wa asidi, fikiria kuchukua umwagaji wa alkali ya soda (Tiba ya Maji
Mwongozo, uk. 142) (tazama karatasi ya kuagiza). Jaza bomba la kuoga na maji kwa 95o-98o F. Ongeza juu ya kikombe
ya kuoka soda au bicarbonate ya sodiamu. Kukaa ndani ya tub, kuzamisha na kumwaga juu yako mwenyewe.
Baada ya dakika 30-60, simama ndani ya tub, sehemu ya matone kavu, na ujikaushe kavu.
-Unaona ""eczema.""
Sababu -Inashangaza kweli ni asilimia kubwa ya dawa za dawa ni sumu. Lakini inahitaji
Usiwe, wakati modus ya msingi ya njia (njia ambayo inafanya kazi) inaeleweka.
Dawa za dawa hufanya kazi kwa kuanzisha sumu mpya ya ajabu ndani ya mwili. Mfumo unageuka mara moja
Usikivu wake kutoka kwa eneo lililodhoofika -na huanza kupigana na dawa hiyo. Aina ya sumu (dawa)
Ilianzisha, na jinsi inavyofanya kazi, huathiri athari ya mwili. Kwa mfano, mwili ulikuwa
Kuondoa kiberiti kupitia chemsha lakini basi dawa huletwa, na chemsha inaonekana ""huponya.""
Mwili umeruhusu chemsha tena, kwa hivyo umakini unaweza kuelekezwa kwa sumu kali ambayo ina
Imeanzishwa.
Tiba za asili hufanya kazi kwa njia tofauti: husafisha mwili na kuirejesha kwa afya
hali ya kawaida. Iwe ni hewa safi, maji safi, chakula chenye lishe, mimea rahisi, au matibabu ya maji,
Tiba za asili husaidia mwili katika kuendelea na kazi yake ya kusafisha mwili. Kwa maana hiyo ndio ""dis-ease""
IS: Jaribio la maumbile ya kusafisha mwili wa uchafu na kuondoa athari za uhifadhi.
Dawa ni dutu ya kigeni ya asili ya sumu. Mimea ya uponyaji sio ""dawa."" Ni kweli kwamba
Karibu tano ya kila mimea 100 ni sumu, lakini tiba ya asili hutumia tu salama. Sumu
zile zinaweza kununuliwa katika duka la dawa au mboga (tumbaku, kahawa, chai nyeusi, chokoleti, nyeusi
pilipili, digitalis, quinine, nk). Vitu kama aspirini, valium, phenobarbital, dilantin, morphine, nk,
ni vitu vya kigeni vya kemikali ya asili yenye sumu. Wote hutoa athari hatari, inayoitwa
""Contraindication.""
Kwa kulinganisha, mimea salama ndio unayokula (mboga zako zote zenye thamani) na utumie kwa kutibu yako
magonjwa. Walipewa na Mungu wa Mbingu (Mwanzo 1:29).
Uharibifu mwingi ambao dawa husababisha mwili uko chini ya ngozi, lakini upele wa dawa ni athari kwenye
ngozi.
Hapa kuna mifano michache tu ya dawa ambazo hutoa upele wa dawa za kulevya:
Antipyrine: upele wa papular, erythematous, wakati mwingine unaambatana na edema na kuwasha sana.
Arsenic: upele wa papular au erythematous, wakati mwingine urticarial. Matumizi ya muda mrefu yanaweza kutoa rangi
ya ngozi.
Belladonna: upele wa erythematous, kawaida huambatana na kuwasha sana.
Bromides: Kawaida kama chunusi ya chunusi. Wakati mwingine erythema.
Chloral: erythema ya papular.
Iodides: Kawaida erythema ya papular, wakati mwingine na pustules kama chunusi.
Phenolphthalein: upele wa macular, wakati mwingine purpuric.
Quinine: Erythema isiyokasirika sana au urticaria.
Salicylate: upele wa erythematous, ikiwezekana morbilliform.
Serum: Kawaida urticaria.
Sulfonal: erythematous au upele wa mkojo.
Hapa kuna dawa zingine ambazo hutoa upele wa ngozi: misombo ya opium, acetanilide, amidopyrine,
Barbiturates, Ephedrine, Novocain, Sulfanilamide, na Dawa zingine za Sulfa.
Dawa zingine zimepewa majina mazuri ya sauti, lakini kumbuka kemikali zilizomo: Calomel
.
asidi), na vermilion (sulfidi ya zebaki). Dawa nyingi zinaongezewa kutoka, sio mbili lakini, anuwai ya
Mchanganyiko ngumu sana na wenye sumu ya kemikali.
Wacha isisitizwe kuwa dawa nyingi hufanya kazi uharibifu wao kwa njia zingine elfu mwilini, bila
Kuzalisha upele wa ngozi.",yes
disease-skin-fasting,Fasting,"You should be aware of the fact that, by the time symptoms of pain accompany cancer, it is in the
advanced stages. At that point, the body urgently needs good nourishment, as well as cleansing; it should
not be given fasts. For further information on this, see the Gerson Therapy, later in this book.
But, as a cancer preventative, occasional fasting is helpful. Cancer prevention is theme of this entire Part
One section of this book.
• Fasts on fruit and vegetable juices of 1 to 3 days can be taken. If under the care of someone who
knows what to do, and you are not thin, a longer fast may be undertaken.
• Go on a fresh fruit diet for several days. If the patient is thin, after a few days of fruit diet, give him
an alkaline nourishing diet. This would consist of vegetable broth (simmer thick potato peelings,
carrots, and beets; strain; drink the water on top), mashed half-inch thick potato peelings, brown rice,
carrots, greens of all kinds, red cabbage, parsley, and other vegetables.
• Eating good food treats malnutrition, and many people develop cancer because of a lack of the
protective, nourishing food needed to resist it.
• There is a theory that you can starve cancer to death. This has been proven untrue. Cancer does better
in a malnourished body. One study revealed that pure malnutrition (cachexia) is responsible for at least
22% and up to 75% of all cancer deaths.","Unapaswa kufahamu ukweli kwamba, kwa wakati dalili za maumivu zinaambatana na saratani, iko katika
hatua za hali ya juu. Katika hatua hiyo, mwili unahitaji lishe bora, na pia utakaso; inapaswa
usipewe siku. Kwa habari zaidi juu ya hili, angalia Tiba ya Gerson, baadaye katika kitabu hiki.
Lakini, kama kinga ya saratani, kufunga mara kwa mara ni muhimu. Kuzuia saratani ni mada ya sehemu hii yote
Sehemu moja ya kitabu hiki.
• Kutuliza kwenye matunda na juisi za mboga za siku 1 hadi 3 zinaweza kuchukuliwa. Ikiwa chini ya uangalizi wa mtu ambaye
Anajua nini cha kufanya, na wewe sio nyembamba, haraka zaidi inaweza kufanywa.
• Nenda kwenye lishe safi ya matunda kwa siku kadhaa. Ikiwa mgonjwa ni mwembamba, baada ya siku chache za lishe ya matunda, mpe
Lishe yenye lishe ya alkali. Hii inaweza kuwa na mchuzi wa mboga (simmer nene viazi,
karoti, na beets; Shina; Kunywa maji juu), iliyotiwa mafuta ya viazi ya nusu-inchi, mchele wa kahawia,
Karoti, mboga za kila aina, kabichi nyekundu, parsley, na mboga zingine.
• Kula chakula kizuri huchukua utapiamlo, na watu wengi huendeleza saratani kwa sababu ya ukosefu wa
Kulinda, chakula chenye lishe kinachohitajika kuipinga.
• Kuna nadharia kwamba unaweza njaa saratani hadi kufa. Hii imethibitishwa kuwa sio kweli. Saratani hufanya vizuri zaidi
katika mwili ulio na utapiamlo. Utafiti mmoja umebaini kuwa utapiamlo safi (cachexia) unawajibika kwa angalau
22% na hadi 75% ya vifo vyote vya saratani.",yes
